Korean,English
내가 ,I 
그 ,that 
난 ,I am 
내 ,my 
안 ,not 
수 ,number 
이 ,this 
네 ,yes 
거야 ,going to be 
좀 ,a little 
그래 ,okay 
있어 ,there is 
왜 ,why 
더 ,more 
그리고 ,and 
우리 ,we 
다 ,all 
무슨 ,what 
한 ,one 
하지만 ,but 
잘 ,well 
어떻게 ,how 
할 ,will do 
그냥 ,just 
정말 ,really 
그럼 ,then 
것 ,thing 
게 ,crab 
있어요 ,there is 
있는 ,There is
해 ,sun 
여기 ,here 
넌 ,you 
제가 ,I am 
날 ,me 
우리가 ,we 
건 ,case 
전 ,jeon 
이제 ,now 
지금 ,now 
그게 ,that is 
걸 ,girl 
거 ,thing 
아니 ,no 
네가 ,you 
없어 ,doesn't exist 
돼 ,Okay
저 ,I 
우린 ,We
제 ,my 
못 ,pond 
좋아 ,good 
당신이 ,you 
다른 ,different 
나 ,me 
그런 ,that 
그건 ,that 
너무 ,too 
그래서 ,so 
그렇게 ,like that 
다시 ,again 
이건 ,This is
이런 ,this 
나도 ,me too 
모든 ,every 
당신 ,you 
거예요 ,It is
당신은 ,you are 
아 ,ah 
좋은 ,good 
오 ,oh 
때 ,at the time 
너 ,you 
하는 ,doing 
하고 ,do 
아냐 ,no 
나는 ,I am 
아니야 ,no 
알아 ,know 
같이 ,together 
응 ,huh 
이게 ,this 
없어요 ,no 
괜찮아 ,are you okay 
오늘 ,today 
말이야 ,That's what I'm saying
줄 ,line 
또 ,also 
널 ,you 
누가 ,who 
어떤 ,which 
아주 ,very 
말 ,word 
아직 ,yet 
안돼 ,no 
진짜 ,really 
모두 ,every 
마 ,mind 
같은 ,same 
여기서 ,Here
어서 ,hurry 
그는 ,he is 
위해 ,for 
해요 ,do 
일이 ,Work
하지 ,summer solstice 
엄마 ,mom 
바로 ,as soon as 
가 ,go 
근데 ,however 
알고 ,I know
이렇게 ,like this 
빨리 ,hurry 
있습니다 ,there is 
이거 ,this 
전에 ,before 
어 ,uh 
아뇨 ,no 
계속 ,continue 
닥터 ,Doctor
얼마나 ,how much 
될 ,Will be
알았어 ,okay 
않아 ,No
제발 ,please 
있지 ,Yes
겁니다 ,I'm scared
어디 ,where 
사람이 ,People
그가 ,He
안녕 ,hi 
좋아요 ,great 
같아 ,Same
우리는 ,we are 
그래요 ,is it so 
당신을 ,You
자 ,ruler 
그걸 ,That
두 ,two 
아니에요 ,no 
있을 ,There will be
때문에 ,because 
대해 ,about 
아빠 ,dad 
몇 ,some 
사람 ,person 
했어 ,I did it
뭐야 ,what 
수도 ,capital 
많이 ,many 
집에 ,at home 
거지 ,the poor 
일을 ,Work
저는 ,I am 
음 ,hmm 
그렇지 ,yes 
함께 ,together 
만약 ,if 
하나 ,one 
저기 ,excuse me 
고마워요 ,thank you 
항상 ,always 
나한테 ,To me
잠깐 ,for a moment 
가서 ,Go
가장 ,most 
돼요 ,Okay
거죠 ,That's right
가자 ,let's go 
맞아 ,that's right 
보고 ,report 
와 ,and 
그거 ,that 
말을 ,Speak
괜찮아요 ,are you okay 
아무도 ,no one 
없는 ,None
안녕하세요 ,hello 
몰라 ,I don't know 
일 ,Day 
많은 ,many 
당신의 ,your 
아무것도 ,nothing 
그러니까 ,therefore 
큰 ,big 
알아요 ,i know 
그의 ,His
뭐가 ,what 
고마워 ,thank you 
그만 ,stop 
했어요 ,i did it 
젠장 ,shit 
사람들이 ,People
거에요 ,It's there
이걸 ,This
그럴 ,That's right
것도 ,That too
말이 ,Horse
이미 ,already 
야 ,hey 
그를 ,Him
뭔가 ,Something
온 ,on 
이봐 ,hey 
아니면 ,or not 
같아요 ,It's the same
그런데 ,however 
아니라 ,No
세상에 ,oh my god 
있다고 ,There is
있고 ,There is
뭐라고 ,what 
예 ,yes 
절대 ,Never
말야 ,I mean
당장 ,Right now
그래도 ,still 
대한 ,Korea
말은 ,The words
거기 ,there 
전부 ,entire 
둘 ,two 
그녀는 ,she is 
니가 ,you 
갈 ,conflict 
않아요 ,No
자기 ,self 
있죠 ,Yes
하면 ,If you do
가지고 ,have 
그들이 ,They
참 ,really 
너도 ,you also 
됐어 ,it's okay 
미안해 ,Sorry 
것을 ,That
여긴 ,Here
아무 ,any 
사람은 ,People
감사합니다 ,thank you 
다들 ,Everyone
어때 ,how 
씨 ,Seed
곧 ,soon 
엄마가 ,Mom
나를 ,me 
이젠 ,Now
아마 ,maybe 
그들은 ,they 
얘기 ,talk 
꼭 ,please 
있잖아 ,You know
저도 ,me too 
지금은 ,now 
그녀가 ,She
중 ,middle 
있다 ,there is 
시간 ,hour 
먼저 ,first 
우릴 ,Us
말고 ,Not to mention
사람을 ,People
수가 ,medical charge 
봐요 ,see 
있는데 ,There is
알았어요 ,all right 
해야 ,Should
있었어 ,There was
우리의 ,Our
않을 ,Won't
방금 ,just now 
완전 ,Completely
된 ,Done
동안 ,during 
시간이 ,Time
싶어 ,I want to
본 ,copy 
일은 ,Work
친구 ,friend 
들어 ,Listen
안에 ,Inside
번 ,th 
자네 ,you 
합니다 ,do 
사실 ,actually 
한번 ,once 
대체 ,Substitute
같은데 ,Same
생각해 ,Think about it
맞아요 ,that's right 
볼 ,cheek 
혼자 ,alone 
자네가 ,You
절 ,I 
그러니 ,so 
선생님 ,teacher 
사람들은 ,People
문제가 ,The problem is
다음 ,next 
물론 ,of course 
거의 ,almost 
일이야 ,It's work
없습니다 ,doesn't exist 
아빠가 ,Dad
되는 ,It can be done
그러면 ,then 
순 ,Sun
가는 ,Going
말도 ,Nonsense
이리 ,Come here
있었어요 ,There was
맙소사 ,oh my god 
내일 ,tomorrow 
있으면 ,If there is
잠깐만 ,wait for a sec 
싫어 ,no 
중요한 ,important 
내게 ,To me
말해 ,say 
이상 ,more 
거라고 ,That's it
아는 ,know 
너는 ,you 
새 ,bird 
적 ,enemy 
전혀 ,at all 
여자 ,female 
새로운 ,new 
너희 ,you guys 
왔어 ,I'm here
아직도 ,still 
가지 ,egg plant 
나와 ,Me and
알 ,egg 
싶지 ,I don't want to
여기에 ,Here
원하는 ,Want
돈 ,money 
필요 ,necessary 
도움이 ,Help
그녀를 ,her
몰라요 ,I don't know 
작은 ,small 
혹시 ,if 
미안해요 ,sorry 
나쁜 ,bad 
죄송해요 ,sorry 
모르겠어 ,I don't know 
가요 ,song 
알지 ,I know
밖에 ,Outside
직접 ,Directly
있나 ,Is there
니 ,you 
해도 ,Even if it is
하죠 ,Let's do it
했는데 ,I did it
필요해 ,I need it
아니요 ,no 
적이 ,The enemy
있나요 ,Is there one?
갖고 ,Have
돈을 ,Money
주세요 ,please 
어디서 ,where 
것이 ,That is
거요 ,Yes
위한 ,For
것은 ,It is
없이 ,Without
나중에 ,later 
아버지 ,Father
나랑 ,With me
됐어요 ,Okay
마세요 ,Don't drink
차 ,car 
언제 ,when 
그저 ,just 
생각 ,thought 
했지 ,I did
봤어 ,I saw it
해서 ,So
시간을 ,Time
마지막 ,last 
알겠어 ,okay 
왜냐면 ,Because
위해서 ,For the sake of
엄청 ,A lot
알겠습니다 ,All right 
오래 ,long time 
기다려 ,wait 
아닙니다 ,no 
있는지 ,Is there
알겠어요 ,all right 
제일 ,most 
지난 ,past 
그렇죠 ,"Yes, that's right"
죽은 ,dead
제대로 ,Properly
아니지 ,No
있다면 ,If there is
보면 ,If you look
우리를 ,us
짓을 ,Do something
남자 ,man 
너가 ,you are 
있다는 ,There is
누구 ,who 
보여 ,Show
왔어요 ,came 
너한테 ,To you
여러분 ,everyone 
완전히 ,Completely
너의 ,your 
것이다 ,It is
밤 ,night 
소리 ,sound 
없지 ,No
벌써 ,already 
모르겠어요 ,I don't know 
말이지 ,"Yeah, right"
올 ,all 
사람들을 ,People
처음 ,first 
말이죠 ,That's right
사람들 ,people 
그녀의 ,Her
멋진 ,wonderful 
왜요 ,why 
정말로 ,really 
이름은 ,The name is
와서 ,Come
대해서 ,About
여보 ,honey 
조금 ,little 
않았어 ,Didn't
말이에요 ,That's what I'm saying
이름이 ,The name is
여보세요 ,hello 
서로 ,each other 
안돼요 ,No
죽을 ,Die
첫 ,First
매우 ,very 
사랑해 ,love you 
오늘은 ,today 
싶은 ,I want to
어디로 ,Where to
단지 ,only 
아닌 ,No
나가 ,get out 
뿐이야 ,That's all
미안 ,sorry 
확실히 ,surely 
싶어요 ,I want to
죄송합니다 ,sorry 
때까지 ,Until
없고 ,None
어때요 ,how is it 
살 ,fat 
당연히 ,of course 
데리고 ,Take
필요한 ,necessary
없다 ,does not exist 
후 ,after 
가고 ,good night 
글쎄 ,well 
않는 ,Not
했죠 ,I did
나의 ,my 
별로 ,not really 
않은 ,Not
라고 ,Said
집 ,house 
여전히 ,still 
없을 ,There won't be any
딱 ,Exactly
있어서 ,Because
이야기 ,story 
엄마는 ,Mom
부인 ,ma'am 
하는데 ,Doing
않고 ,Not
알았지 ,Okay
아니고 ,No
여자가 ,The woman
문 ,door 
되지 ,Not possible
거기서 ,There
훨씬 ,Much more
아버지가 ,My father
망할 ,Damn
뭔지 ,What is it
손 ,hand 
수술 ,surgery 
듣고 ,Listen
어쩌면 ,Maybe
보세요 ,look 
생각이 ,I thought
어느 ,any 
그러지 ,"Yeah, right"
되면 ,If it works
아마도 ,maybe 
준비 ,preparation 
전화 ,phone call 
뒤에 ,behind 
도대체 ,What the heck
너를 ,You
당신도 ,You too
것처럼 ,Like
않으면 ,If not
말하는 ,Speaking
최고의 ,The best
말하지 ,Don't say
세 ,count 
모르는 ,I don't know
유일한 ,The only
갑자기 ,suddenly 
이봐요 ,Hey there
건가요 ,Is it?
없다고 ,No
것입니다 ,It is
있잖아요 ,You know
되고 ,Become
어쨌든 ,anyway 
가진 ,Have
이번 ,this time 
뭐하는 ,What are you doing?
후에 ,later 
친구가 ,My friend
지 ,ji 
신경 ,nerves
그만해 ,stop 
누구야 ,who is this 
당신에게 ,To you
늘 ,always 
없었어 ,There wasn't any
그들을 ,them
있게 ,Have
알잖아 ,You know
누군가 ,Someone
분명히 ,Obviously
생각을 ,Thinking
존 ,John
일단 ,first 
가야 ,Go
걱정 ,worry 
보자 ,see 
매일 ,everyday 
수는 ,The number is
아침 ,morning 
말할 ,To say
말아요 ,Stop it
모두가 ,Everyone
않았어요 ,I didn't
얘기를 ,Talk
봤어요 ,I saw it
대신 ,instead 
마치 ,like 
건데 ,But
자넨 ,You
했잖아 ,I did it
둘이 ,Two
당신과 ,With you
집으로 ,home
한다 ,Do
두고 ,Leave it
이름을 ,Name
있네 ,There is
그들의 ,Their
뭔데 ,What is it?
금방 ,Soon
사는 ,Living
좋아하는 ,I like
찾을 ,Find
맘에 ,I like it
결국 ,at last 
이유가 ,The reason is
필요해요 ,I need it
중에 ,Among
그때 ,at that time 
보는 ,Seeing
너랑 ,With you
아이를 ,The child
없잖아 ,There isn't any
한다고 ,I said I would
기분 ,mood 
하게 ,Hage
놈이 ,That guy
못해 ,I can't
우리에게 ,To us
가면 ,mask
저를 ,Me
잡아 ,Grab it
집에서 ,at home 
우리도 ,Us too
기분이 ,I feel
저희 ,Us
찾고 ,Looking for
손을 ,Hand
거다 ,That's it
어제 ,yesterday 
남자가 ,The man
뭐지 ,what 
앞으로 ,from now on 
잠깐만요 ,Just a moment
자신의 ,own
애가 ,Lament
이상한 ,weird 
막 ,Just
먹고 ,Eat
아이 ,kid 
언제나 ,always 
여기가 ,Here it is
아들 ,son 
알게 ,I know
하세요 ,do 
총 ,gun 
스스로 ,self 
방법이 ,The method
있던 ,Was there
해봐 ,Try it
아님 ,No
때가 ,When
아니죠 ,No
했던 ,Did
조용히 ,Quietly
밤에 ,At night
미친 ,crazy
텐데 ,Tende
머리 ,head 
않습니다 ,Doesn't
잘못 ,wrong 
고맙습니다 ,Thank you 
있어야 ,Must have
왜냐하면 ,because 
앉아 ,Sit down
아침에 ,In the morning
죽일 ,Kill
환자 ,patient 
양 ,sheep 
없죠 ,No
일어나 ,wake up 
믿을 ,Believe
같네요 ,It's the same
건가 ,Is it okay?
게다가 ,furthermore 
알렉스 ,Alex
타고 ,Ride
데 ,place 
들었어 ,I heard
눈을 ,Eyes
나에게 ,to me 
없었어요 ,There wasn't any
만나서 ,meet 
진정해 ,calm down 
이것 ,this 
더이상 ,No more
보지 ,See
방법을 ,How to
원래 ,usually 
솔직히 ,to be honest 
좋지 ,Good
하려고 ,To do
빌어먹을 ,Fuck
총을 ,Gun
길을 ,The road
누군지 ,Who is it?
아니라고 ,No
자신을 ,yourself
여길 ,Here
있지만 ,But
얼른 ,Hurry up
얘들아 ,Hey guys
대로 ,As per
만든 ,Made
놈 ,That guy
조심해 ,be careful 
일에 ,At work
따라 ,according to 
술 ,alcohol 
정확히 ,Exactly
자기가 ,Honey
충분히 ,enough 
힘을 ,Strength
아저씨 ,mister 
알겠지 ,Okay
있었는데 ,There was
사랑하는 ,Beloved
기다리고 ,Waiting
될거야 ,It will work
살아 ,Alive
평생 ,Lifetime
아까 ,a moment ago 
얘야 ,Hey
눈 ,eye 
거기에 ,There
애 ,baby 
분명 ,Clearly
말하고 ,Speaking
역시 ,also 
저희가 ,We
찾아 ,Find
걔가 ,He
이럴 ,Like this
저기요 ,hey 
너와 ,With you
될까요 ,Will it work?
천천히 ,slowly 
문제 ,problem 
수술을 ,Have surgery
좋았어 ,It was good
어디에 ,where 
문을 ,The door
맞지 ,That's right
어딨어 ,Where are you?
조지 ,George
아녜요 ,No
저녁 ,dinner 
됩니다 ,It's possible
마요 ,Mayo
생각엔 ,I think
만들어 ,Make
적어도 ,At least
애들 ,Kids
개 ,dog 
잘했어 ,good job 
그러나 ,however 
주 ,main 
괜찮은 ,Okay
생각은 ,The thought is
위에 ,above 
가끔 ,sometimes 
있었던 ,There was
간 ,liver 
잠시 ,for a moment 
알아서 ,Figure it out
곳에 ,In a place
집을 ,house
그렇지만 ,but 
그레이 ,gray 
그럼요 ,sure 
삶을 ,Life
마음에 ,In my heart
살고 ,Live
들고 ,Holding
분 ,minute 
그랬어 ,"Yes, it was"
차를 ,Tea
옆에 ,next to
아이가 ,The child
이번엔 ,This time
저게 ,That's it
아빠는 ,Dad
괜찮을 ,It'll be okay
하자 ,let's do it 
알았는데 ,I thought so
생각해요 ,I think
없는데 ,There isn't any
생각하는 ,Thinking
아니잖아 ,"No, that's not true"
마지막으로 ,finally 
여자를 ,A woman
죽었어 ,Dead
멍청한 ,stupid
훌륭한 ,excellent 
있었지 ,There was
정도 ,degree 
베일리 ,Bailey
준비가 ,Ready
남은 ,Remaining
있으니까 ,Because it's there
싫어요 ,"no, I do not want "
입니다 ,no see 
영원히 ,forever 
엄청난 ,Huge
정신 ,spirit
는 ,Is 
계세요 ,Are you there?
하는지 ,Doing it
좋을 ,Good
있었죠 ,"Yes, it was there"
간다 ,Go
기회를 ,Opportunity
그대로 ,As is
하나도 ,Not even one
멈춰 ,Stop
필요가 ,Need
도와줘 ,Help me
다음에 ,next time 
앞에서 ,In front
뭐든 ,Anything
물 ,water 
밖으로 ,Out
오는 ,coming 
그렇다면 ,then 
미국 ,USA 
말라고 ,Don't tell me
하지마 ,don't 
서 ,west 
말한 ,Said
테니까 ,Because
앞에 ,In front
를 ,cast 
처럼 ,like 
저한테 ,To me
거고 ,That's right
받아 ,Accept
그것도 ,That too
요즘 ,recently 
믿어 ,Believe me
뒤로 ,Back
놈들이 ,Those guys
입고 ,store 
보니 ,Bonnie
속에 ,Inside
잠시만요 ,wait a minute 
소리야 ,Sound
들어봐 ,Listen
자기야 ,babe 
헤이 ,hey 
에 ,to 
이해가 ,I understand
옷 ,clothes 
들어가 ,Go in
아버지는 ,My father
않을거야 ,I won't
있소 ,There is
자네는 ,You
모르겠지만 ,I don't know
누구도 ,No one
입 ,mouth 
어머니 ,mother 
특별한 ,special 
좋겠어 ,I wish
준 ,June 
그것은 ,that 
관한 ,About
할게 ,I'll do it
여기는 ,Here is
언니 ,Sister
환자가 ,The patient
갈게 ,I'll go
나야 ,it's me 
제게 ,To me
하루 ,day 
단 ,step 
필 ,Phil
가세요 ,Go
끔찍한 ,Terrible
걸로 ,By the way
사랑 ,love 
일도 ,Work too
아름다운 ,beautiful 
년 ,year 
형 ,brother 
뭐요 ,What
저런 ,Like that
별 ,star 
아니다 ,no 
받고 ,Received
할거야 ,I will do it
쓸 ,Write
씨발 ,Fuck
돈이 ,Money
그에게 ,To him
뭔가를 ,something
마음을 ,My heart
문제는 ,The problem is
의 ,of 
서둘러 ,Hurry up
못할 ,Can't
없네 ,There isn't any
끝났어 ,It's over
있을거야 ,There will be
머리를 ,Head
생각하지 ,I don't think
뭐라고요 ,What did you say?
힘든 ,Hard
보게 ,See
가게 ,store 
말해봐 ,say it 
밥 ,rice 
상황이 ,The situation is
줘요 ,Give it to me
만큼 ,As much as
했지만 ,But I did
같은데요 ,It's the same
이름 ,name 
엄마를 ,Mom
전화를 ,Call
어쩔 ,What to do
있니 ,Is there
번째 ,Second
할까 ,Shall we do it?
얘길 ,Talk
찾는 ,Looking for
선생님이 ,The teacher
진짜로 ,Really
일이에요 ,It's work
건지 ,Guernsey
가족을 ,family
할지 ,Will do it
중이야 ,It's heavy
믿지 ,I don't believe it
닥쳐 ,shut up 
여기로 ,Here
저건 ,That's
주고 ,Give
멀리 ,far away
어이 ,hey 
거짓말 ,lie 
약 ,approximately 
잭 ,jack 
사실은 ,in fact 
받을 ,Receive
그러고 ,And then
겁니까 ,Are you scared?
먹을 ,Eat
그치만 ,But
너에게 ,to you 
들었어요 ,I heard
하기 ,do 
오빠 ,Oppa
오고 ,Coming
있을까 ,Could it be possible?
어린 ,Young
통해 ,Through
아닌데 ,No
조금만 ,Just a little bit
맞는 ,Correct
차에 ,In the car
여자는 ,The woman
보러 ,To see
손에 ,In hand
모르지 ,I don't know
가까이 ,Close
테니 ,Tennis
되죠 ,Okay
점점 ,More and more
잔 ,glass 
이야기를 ,Tell the story
물론이죠 ,Of course
학교 ,school 
주는 ,Giving
아가씨 ,Miss
먹어 ,Eat
것에 ,On that
크게 ,big 
이유는 ,The reason is
군 ,army 
모두들 ,Everyone
죽인 ,killed
셋 ,three 
알죠 ,I know
기억 ,memory 
경찰 ,police 
제이 ,Jay 
그래야 ,That's right
목숨을 ,Life
있을까요 ,Is there any?
아니지만 ,But no
했다 ,did
딸 ,daughter
많아 ,A lot
떨어져 ,away
사람이야 ,It's a person
다시는 ,Never again
거잖아 ,That's it
애들이 ,The kids
애를 ,Ae-reul
을 ,second 
말이다 ,That's right
없다는 ,There is none
만들 ,Make
오면 ,When you come
할게요 ,I will do it
아기 ,baby 
영화 ,movie 
가족 ,family 
찾았어 ,I found it
특히 ,especially 
아들을 ,Son
제발요 ,Please
꿈을 ,Dream
세상을 ,The world
놈을 ,That guy
아니었어 ,No it wasn't
마이크 ,mike 
그리 ,picture 
무엇을 ,what 
만드는 ,Making
얼마 ,how much 
보여요 ,I can see it
사진 ,picture 
칼 ,knife 
잠시만 ,for a moment 
병원에 ,To the hospital
같습니다 ,It's the same
바보 ,fool 
열어 ,Open
현재 ,today 
해줘 ,Do it
주지 ,Governor
했습니다 ,I did it
자주 ,often 
있겠지 ,There must be
하는거야 ,I'm doing it
샘 ,Sam
꺼져 ,go away 
가만히 ,Stay still
그랬지 ,"Yes, that's right"
지금까지 ,until now 
저거 ,That
당연하지 ,of course 
나서 ,Afterwards
그것 ,that 
또한 ,also 
보이지 ,Invisible
노래 ,sing 
위험한 ,dangerous
클레어 ,Claire
쉽게 ,easily
오지 ,Oji
정말요 ,Really
계획이 ,The plan is
잡고 ,Hold
열심히 ,try hard 
마라 ,Mara
경찰이 ,The police
말하면 ,If you say
방에 ,In the room
됐다 ,Okay
마음이 ,My heart
메러디스 ,Meredith
운이 ,Luck
드디어 ,at las 
정보를 ,Information
말입니다 ,That's right
때는 ,When
얼굴을 ,face
만난 ,Met
있거든 ,If there is
달 ,moon 
약간 ,a little 
했다고 ,I did it
일찍 ,early 
굉장히 ,Very
못해요 ,I can't do it
진실을 ,The truth
줄게 ,I'll give it to you
아세요 ,Do you know
누굴 ,Who
거라 ,That's right
가족이 ,The family
새로 ,New
절대로 ,Never
와요 ,Come on
알지만 ,I know but
되어 ,Become
내려 ,Get down
같네 ,Same
그거야 ,That's it
크리스티나 ,Christina
사이에 ,In between
자꾸 ,repeatedly 
저리 ,Over there
사실을 ,The truth
프랭크 ,Frank
와우 ,wow 
뛰어 ,Jump
갔어 ,I went
죽게 ,Die
네게 ,To you
심지어 ,Even
글쎄요 ,well 
사람의 ,People's
오랫동안 ,For a long time
모습을 ,Appearance
얘기가 ,The story
아이고 ,oh my 
상관 ,Correspondence
일하는 ,Working
짐 ,load 
길 ,road 
사건 ,incident
그렇다고 ,That's not true
들어요 ,Listen
상황을 ,The situation
옷을 ,Clothes
일이죠 ,It's work
아니예요 ,No
죽어 ,Dead
뿐이에요 ,That's all
필요는 ,Need
여기요 ,Here it is
사랑해요 ,i love you 
죽는 ,dying
누군가가 ,Someone
얘기해 ,Talk
모두를 ,Everyone
커피 ,coffee 
있는거야 ,It exists
있으니 ,There is
없지만 ,But there isn't
열 ,heat 
다신 ,Again
만날 ,Meet
남자는 ,The man
저희는 ,We are
떠날 ,Leave
맞죠 ,That's right
아들이 ,My son
놈은 ,That guy
하나가 ,One
의사 ,doctor 
박사님 ,Doctor
나오는 ,Coming out
딸이 ,My daughter
거짓말을 ,Lie
했고 ,I did
얼굴 ,face 
보내 ,send 
받은 ,Received
쓰고 ,Write
곳이 ,The place
된다고 ,It's okay
설마 ,no way 
우리한테 ,To us
방법은 ,The method is
인생을 ,Life
보이는 ,Visible
정도로 ,To that extent
아니오 ,no 
여러 ,several 
자고 ,Sleep
한다면 ,If you do it
실례합니다 ,excuse me 
기회가 ,Opportunity
했을 ,would have done
결혼 ,marriage 
소리를 ,sound
알았다 ,I get it 
해야지 ,I have to do it
완벽한 ,Perfect
있었다 ,There was
곳을 ,place
겨우 ,barely 
없으면 ,If not there
아내가 ,My wife
있습니까 ,Is there
만들고 ,Make it
비켜 ,Get out of the way
그것을 ,That
피를 ,Blood
못한 ,Bad
말씀 ,Words
자식 ,children
만약에 ,If
위대한 ,Great
써 ,write 
이리와 ,Come here
눈이 ,Eyes
사람도 ,People too
요 ,yo. this 
자신이 ,myself
당신한테 ,To you
보통 ,commonly 
나갈 ,Go out
문제를 ,The problem
보다 ,see 
앉아서 ,Sit down
도와줘요 ,Help me
원하지 ,I don't want to
이쪽으로 ,This way
생각하고 ,Thinking about it
갑시다 ,Let's go
사랑을 ,Love
너네 ,You guys
조 ,article 
밖에서 ,Outside
들어와 ,Come in
그렇군요 ,okay 
척 ,Chuck
같군 ,Same
나온 ,Came out
같지 ,Same
불러 ,Call
도움을 ,Help
마음 ,mind 
최선을 ,Do your best
된다 ,It works
곳으로 ,To a place
아기를 ,baby
죽이고 ,Kill
대단한 ,Great
뭐예요 ,What is it?
환자를 ,The patient
똑같은 ,Same
가능한 ,possible
친구들 ,Friends
원해 ,I want
좋아해 ,i like you 
될까 ,Will it work?
봤지 ,I saw it
방 ,room 
몰라도 ,I don't know
갈게요 ,I'll go
때도 ,Sometimes
움직여 ,Move
눈에 ,In the eyes
숨을 ,Breathe
음악 ,music 
자는 ,Sleeping
딸을 ,daughter
모르겠네요 ,I don't know
의사가 ,The doctor
셜록 ,Sherlock
딴 ,Other
가져와 ,Bring it
세상에서 ,In the world
소리가 ,The sound
시간은 ,Time is
도울 ,Help
만한 ,worth
남편이 ,My husband
한다는 ,I'm doing it
아버지를 ,Father
일로 ,By work
감옥에 ,In prison
됐지 ,Okay
짓 ,act 
순간 ,moment
도와줄 ,I will help you
있도록 ,So that
할머니 ,grandma 
짓이야 ,It's a mess
쓰는 ,Writing
했잖아요 ,I did it
너희들 ,You guys
피터 ,Peter
당신들 ,You guys
그날 ,That day
화가 ,artist 
새끼 ,young 
쓴 ,Bitter
안에서 ,Inside
최대한 ,As much as possible
하네 ,Yeah
팀 ,Team
이후로 ,Since then
그들 ,They
이지 ,easy 
그치 ,right 
죽었어요 ,I'm dead
곳에서 ,In a place
때마다 ,Every time
몸이 ,body
모든게 ,Everything
캠 ,Cam
어차피 ,anyway 
압니다 ,I know
기억이 ,I remember
어딜 ,Where
산 ,mountain 
들려 ,I can hear it
있네요 ,There is
분이 ,Minute
없어서 ,Because it's not there
이곳에 ,Here
미안하지만 ,I'm sorry 
일어난 ,happened
왔습니다 ,I've come
로스 ,Ross
속에서 ,In the inside
친구를 ,Friends
모르지만 ,I don't know but
예쁜 ,pretty 
몸을 ,body
잊지 ,Forget
엄마한테 ,To mom
왔다 ,Came
했는지 ,Did you do it?
타 ,get on 
같군요 ,It's the same
명 ,number of people 
모든걸 ,Everything
하라고 ,Do it
그렇습니다 ,Yes
때문이야 ,Because of that
있겠어 ,There will be
덕분에 ,Thanks to you
싶으면 ,If you want
나가서 ,Go out
비밀 ,secret 
달라 ,Different
것보다 ,Than
찾았어요 ,I found it
대 ,big 
데릭 ,Derek
고통을 ,Pain
환자는 ,The patient
엄마랑 ,With mom
진정한 ,True
같다 ,Same
생긴 ,Looked like
병원 ,hospital 
반가워요 ,nice to meet you 
내내 ,All the time
가도 ,Gado
생각에 ,In my thoughts
오세요 ,Come
이러지 ,Like this
따르면 ,According to
고맙네 ,Thank you
할까요 ,Should I do it?
사진을 ,Take a picture
않게 ,Not
한잔 ,A glass
않는다 ,Doesn't
있었고 ,There was
되는데 ,It works
남자를 ,A man
안으로 ,Inside
알았죠 ,Okay
물론이지 ,of course 
보낸 ,Sent
피가 ,Blood
하니까 ,Because
아가 ,baby 
반드시 ,certainly 
아무리 ,No matter how much
얘기는 ,The story is
잘못된 ,wrong
오케이 ,okay 
알아야 ,You need to know
걸요 ,I'm going
해줄 ,I will do it
자리를 ,Place
문제야 ,It's a problem
이유를 ,The reason
그러다 ,Then
약을 ,Medicine
싶었어 ,I wanted to
높은 ,high
같아서 ,Because it's the same
이해 ,understanding 
하나만 ,Just one
돌아올 ,Come back
있는게 ,There is
좋습니다 ,great 
좋다 ,good night 
배를 ,The ship
찾아야 ,Need to find
못하게 ,Don't let it happen
막을 ,Block
계획을 ,Make a plan
루크 ,Luke
이래 ,Like this
모르고 ,I don't know
없잖아요 ,There isn't any
그녀 ,She
그동안 ,In the meantime
거니 ,Goni
빼고 ,Except
거긴 ,There
이라고 ,Said
그랬어요 ,"Yes, it was"
더는 ,No more
죽지 ,Don't die
녀석 ,guy
몰랐어 ,I didn't know
리 ,lee 
뭐라 ,What
박사 ,doctor 
죽였어 ,I killed him
믿고 ,Believe
좋네요 ,That's good
여기까지 ,Up to here
이쪽은 ,This side is
사람들에게 ,To the people
아빠를 ,Dad
어려운 ,difficult 
봤는데 ,I saw it
적은 ,Less
법을 ,The law
모르겠다 ,I don't know 
신이 ,God
그렇고 ,Yes
관심 ,interest 
집이 ,The house
오직 ,Only
좋아해요 ,i like you 
있었습니다 ,There was
나은 ,Better
않아도 ,Don't have to
나면 ,When I come out
옛날 ,old days
얘가 ,This guy
식으로 ,In this way
그걸로 ,With that
냄새가 ,The smell
못하는 ,Can't
인간 ,human
세상이 ,The world
책 ,book 
모두에게 ,To everyone
말해줘 ,Tell me
처음으로 ,For the first time
그러게 ,I know 
실제로 ,actually 
제임스 ,James
데려다 ,Take me
크리스마스 ,christmas 
보기 ,look 
신의 ,God
말했잖아 ,I told you
말했어 ,I told you
돌아갈 ,Go back
한번도 ,Never
긴 ,long 
움직이지 ,Don't move
착한 ,Good
일이지 ,It's work
쓰지 ,Don't write
곳 ,place 
도와주세요 ,help 
그러죠 ,"Yeah, right"
거니까 ,That's why
곁에 ,next to you
그녀에게 ,To her
그러는 ,That's right
머리에 ,On the head
확인해 ,Check it out
싶어서 ,Because I wanted to
것들을 ,Things
데이트 ,date 
사고 ,accident 
한거야 ,I did it
세상 ,world
감사해요 ,thank you 
책을 ,Book
배 ,ship 
젊은 ,young
가자고 ,Let's go
아닌가 ,Isn't it?
좋겠어요 ,I wish
비행기 ,airplane 
맥스 ,Max
하잖아 ,I said so
없소 ,No
애들은 ,The kids
오늘밤 ,Tonight
고맙다 ,thanks 
라는 ,called
언젠가 ,someday 
필요할 ,Need
아이들을 ,Children
우리와 ,With us
머리가 ,The head
그것이 ,That's it
세계 ,world 
애는 ,The child
죽여 ,Kill
차가 ,The car
죽고 ,Dead
따라와 ,Follow me
힘이 ,strength
확실해 ,I'm sure
기억해 ,Remember
있어도 ,Even if there is
자네를 ,You
오래된 ,old
기억나 ,I remember
루시어스 ,Lucius
분은 ,The person is
얘기하고 ,Talking
상관없어 ,doesn't care 
다섯 ,five 
이제는 ,Now
없네요 ,There isn't any
돌아가 ,Go back
자리에 ,In place
이만 ,That's it
바랍니다 ,I hope
느낌이 ,I feel
어머 ,oh 
뭐든지 ,Anything
되요 ,Yes
마약 ,drugs
행운을 ,Good luck
봐야 ,I have to see
선생님은 ,The teacher
줄은 ,The line
몰래 ,Secretly
불쌍한 ,Poor
아니잖아요 ,"No, that's not true"
있거든요 ,There is
며칠 ,A few days
저랑 ,With me
결코 ,Never
이걸로 ,With this
안녕히 ,Goodbye
아이는 ,The child
자네의 ,Your
입을 ,mouth
근처에 ,Nearby
들은 ,I heard
뭐하는거야 ,what are you doing 
기다려요 ,Wait
뭐라도 ,Anything
않지만 ,But
배가 ,The ship
뒤 ,back 
어떡해 ,oh my god 
몸 ,body 
죽이지 ,Don't kill me
가질 ,Have
해주세요 ,Please do it
봐라 ,Look
어서요 ,Come on
어째서 ,Why
놓고 ,Let go
지금도 ,Even now
아나 ,Anna
맞다 ,right 
좋네 ,Good
의해 ,By
시간에 ,On time
차라리 ,Rather
헨리 ,Henry
가끔은 ,Sometimes
생각했어 ,I thought
할아버지 ,grandfather
덜 ,Less
곳은 ,The place is
남편 ,husband 
애들을 ,The kids
구할 ,Save
싶은데 ,I want to
불 ,fire 
생일 ,birthday 
저렇게 ,Like that
돈은 ,Money is
아직은 ,Not yet
상태가 ,The status is
위로 ,consolation 
가져 ,Take it
얘긴 ,The story
안전한 ,safe
실수를 ,Make a mistake
미리 ,beforehand 
모를 ,I don't know
명이 ,Myung
사랑에 ,In love
전엔 ,Before
갔어요 ,I went
갖다 ,Take
대화를 ,Have a conversation
하나는 ,One is
벤 ,Ben
지도 ,map 
가능성이 ,Possibility
하는게 ,What I'm doing
있는데요 ,I have it
실은 ,Actually
먹는 ,eating
확인 ,check 
심각한 ,serious
달라고 ,Ask for it
것만 ,Only that
있기 ,Be there
그와 ,With him
형사님 ,Detective
모르죠 ,I don't know
몰랐어요 ,I didn't know
결정을 ,Make a decision
파티 ,party 
날이 ,The day
최악의 ,The worst
많아요 ,There are many
죄송하지만 ,"I'm sorry, but"
있었는지 ,Was there
미스터 ,Mr.
평범한 ,Ordinary
뜻이야 ,It means
올게 ,I'll come
살인 ,Murder
있겠죠 ,Surely
들을 ,Listen
믿어요 ,I believe you
우선 ,first of all 
마시고 ,Drink
당신들이 ,You guys
자네도 ,You too
혼자서 ,alone
심장 ,heart 
좋은데 ,It's good
그런거 ,Something like that
그들에게 ,To them
녀석이 ,That guy
하면서 ,While doing
좋아하지 ,I like it
너희가 ,You guys
처음부터 ,From the beginning
심장이 ,My heart
보낼 ,Send
가만 ,Stay still
않는다면 ,If not
심장을 ,heart
자넬 ,Janelle
뭐라구요 ,What did you say?
갔다 ,Went
고양이 ,cat 
위치를 ,Location
첫번째 ,first 
생각도 ,I also thought
동생 ,younger brother
못했어 ,I couldn't do it
않았다 ,Didn't
내버려 ,Leave it alone
진심으로 ,sincerely 
당연하죠 ,of course 
번도 ,Number
둘다 ,Both
과장님 ,Manager
중입니다 ,I'm in the middle of it
마침내 ,Finally
씨가 ,Seed
검은 ,black
오말리 ,O'Malley
봐도 ,Even if I look
적도 ,equator
아닐 ,No
다리 ,leg 
무기를 ,Weapon
주면 ,If you give it to me
돌아 ,Come back
릴리 ,Lily
뭔가가 ,Something
따로 ,separately 
없으니까 ,Because there isn't any
어디야 ,where are you 
끝까지 ,Until the end
준비해 ,Get ready
카메라 ,camera 
아무튼 ,anyway 
알다시피 ,As you know
죽으면 ,When I die
않죠 ,No
만나 ,Meet
않나 ,Isn't it?
아니라면 ,If not
임마 ,Imma
중이에요 ,I'm in the middle
누군가를 ,Someone
있을지 ,Will it be possible?
있단 ,There is
돌아와 ,Come back
메리 ,merry 
보자고 ,Let's meet
돼서 ,So
들어갈 ,Go in
않지 ,No
목을 ,Neck
마크 ,mark 
정도는 ,The degree
아는데 ,I know
게임 ,game 
강한 ,strong
정말이야 ,Really
받는 ,Receiving
물건을 ,Things
무서워 ,scared 
것으로 ,As such
얘기할 ,Talk
싶었어요 ,I wanted to
수정 ,correction 
걱정하지 ,Don't worry
뭐에요 ,What is it?
제길 ,Damn it
가치가 ,worth
말인지 ,Is that right?
수술이 ,The surgery
없다면 ,If not
톰 ,Tom
클라라 ,Clara
삼촌 ,uncle 
찾은 ,Found
질문 ,question 
저들이 ,They
서로를 ,each other
얼굴이 ,The face
아무래도 ,I guess
당신들은 ,You guys
사건을 ,The incident
됐죠 ,Okay
꿈 ,dream 
입은 ,mouth
받았어 ,I got it
할수 ,Can do
빠져 ,Get out
물을 ,water
아기가 ,The baby
닉 ,Nick
것과 ,and
명령을 ,command
부터 ,from 
거라면 ,If so
죽이는 ,Killing
정신이 ,Mind
아파 ,it hurts 
모르겠네 ,I don't know
똑같이 ,Same
꽤나 ,Quite
되잖아 ,It's okay
형이 ,My brother
밑에 ,Below
아니었어요 ,"No, it wasn't"
어렸을 ,When I was young
말했어요 ,I said
그만해요 ,Stop it
에서 ,at 
학교에 ,At school
아무런 ,Nothing
글로리아 ,Gloria
반 ,half 
아이들이 ,The children
그리곤 ,And then
거냐 ,Is that so?
한데 ,But
아버지의 ,Father's
받지 ,Receive
일하고 ,Working
말이오 ,That's what I'm saying
없나요 ,Is there none?
원한다면 ,If you want
생각할 ,Think about it
버려 ,Throw it away
즉시 ,immediately 
거대한 ,huge
가봐 ,Go ahead
발 ,foot 
들어가서 ,Go in
시작 ,start 
사람에게 ,To people
내놔 ,Give it to me
행복한 ,happy 
나머지 ,remain 
윌 ,Will
도와 ,Help
노래를 ,sing a song
왔는데 ,I came
요원 ,Agent
되게 ,Really
누구죠 ,Who is it?
얼굴에 ,On the face
하실 ,Will do
환영합니다 ,welcome 
걸까 ,I wonder
되겠지 ,It'll work out
괜찮지 ,It's okay
하던 ,Was doing
아내를 ,My wife
놈의 ,That bastard
미쳤어 ,it's crazy 
이것도 ,This too
일부러 ,on purpose 
혹은 ,Or
나올 ,Come out
찾으러 ,To find
걔는 ,He is
잡을 ,catch
똑바로 ,Straight
얻을 ,Get
이해해 ,I understand
무지 ,Ignorance
쪽으로 ,Towards
무슨일이 ,What happened
이해할 ,Understand
친구야 ,Hey friend
어머니가 ,My mother
질문을 ,Ask a question
워 ,woah 
엎드려 ,Lie down
있단다 ,There is
너희들이 ,You guys
놈들 ,Those guys
병원에서 ,At the hospital
친구는 ,My friend
믿는 ,believe
회사 ,company 
떨어진 ,Fallen
간에 ,In the liver
쪽 ,Side
다야 ,That's it
선물 ,gift 
안되는 ,It doesn't work
찾아서 ,Find it
전쟁을 ,war
친구들이 ,Friends
마이클 ,Michael
싸울 ,Fight
만나고 ,Meet
기다리는 ,waiting
쉬운 ,Easy
매니 ,Manny
말로는 ,In words
관심이 ,I'm interested
에이미 ,Amy
사람이에요 ,I'm a person
끝난 ,finished
원치 ,Want
재밌는 ,Fun
말인데 ,I mean
그렇겠지 ,I guess so
피 ,blood 
예전에 ,In the past
건배 ,Cheers
뭔데요 ,What is it?
알면 ,If you know
엄마도 ,Mom too
것들이 ,Things
하려는 ,I want to do
맨날 ,Every day
있군 ,There it is
물러서 ,Step back
숨 ,Breath
팔 ,eight 
더러운 ,dirty
옳은 ,Correct
출혈이 ,Bleeding
즐거운 ,happy 
다음엔 ,Next time
뭐해 ,What are you doing 
준비됐어 ,I'm ready
검사 ,test 
제기랄 ,Damn it
길이 ,length 
나만 ,Just me
있고요 ,"Yes, there is"
이것은 ,This is
좋겠다 ,I wish
전에도 ,Before too
함장님 ,Captain
나쁘지 ,Not bad
관해 ,About
원 ,one 
죽음을 ,Death
사람들의 ,People's
해라 ,Do it
알잖아요 ,You know
거란 ,Khitan
다리를 ,legs
어젯밤에 ,Last night
보내고 ,Send
쟤가 ,That guy
오후 ,afternoon 
영향을 ,Influence
바라는 ,I hope
만나러 ,To meet
이러는 ,Like this
다음은 ,Next is
보죠 ,Let's see
말해야 ,I have to say
몸에 ,On the body
아빠한테 ,To Dad
약속을 ,promise
드릴게요 ,I'll give it to you
미안하다 ,sorry 
바람 ,wind 
있다고요 ,I have it
은 ,silver 
하나를 ,One
최소한 ,At least
전하 ,majesty 
조니 ,Johnny
발사 ,Launch
무서운 ,scary 
못하고 ,I can't
이길 ,win
일어날 ,Wake up
말하자면 ,So to speak
까지 ,until 
나보다 ,Than me
둘은 ,The two
놈들은 ,Those guys
능력을 ,ability
차에서 ,In the car
않네 ,No
생각했어요 ,I thought
그랬죠 ,"Yes, that's right"
상처를 ,wound
생겼어 ,It looks like this
물이 ,The water
가까운 ,Nearby
켄 ,Ken
없나 ,Is there none?
보라고 ,Look
불을 ,Fire
종일 ,All day
레이 ,ray 
아이구 ,Oh my
미래를 ,The future
하나의 ,One
점심 ,lunch 
나가요 ,I'm going out
최근에 ,Recently
있었다고 ,There was
최고 ,best 
가라 ,good 
파티에 ,At the party
진짜야 ,It's true
아픈 ,sick
리가 ,Riga
것들 ,Things
전에는 ,Before
맞았어 ,That's right
걸어 ,Walk
않나요 ,Isn't it?
효과가 ,The effect
때부터 ,From that time
수술에 ,For surgery
되나요 ,Is it possible?
도시 ,city ​​
아래 ,under 
모릅니다 ,I don't know
자리 ,seat 
죄를 ,Sin
가져다 ,Bring it
감히 ,Dare
진심이야 ,I'm serious
돌려 ,Turn
뭐하고 ,What are you doing?
누구지 ,Who is it?
아닌가요 ,Isn't it?
저흰 ,We
일인지 ,Is it a job?
인간의 ,human
저의 ,My
그땐 ,At that time
명의 ,Name
남았어 ,There's some left
하루종일 ,All day long
자막 ,Subtitles
쉽지 ,Easy
하러 ,To do
전까지 ,Until now
냄새 ,smell
갈래 ,Branch
여기선 ,Here
생명을 ,life
바꿀 ,Change
아내 ,wife
어떻게든 ,Somehow
필요로 ,As needed
문이 ,The door
술을 ,Drinking alcohol
끝나면 ,When it's over
왔지 ,I came
무기 ,weapon 
버리고 ,Throw it away
지역 ,region 
해줘요 ,Please do it
어젯밤 ,Last night
된다면 ,If possible
올려 ,Upload
싶다면 ,If you want
좋게 ,Good
될지 ,Will it work?
끌고 ,drag
거래를 ,Make a deal
볼까 ,Should I see it?
조심해요 ,Be careful
지금부터 ,From now on
폐하 ,your majesty 
만 ,only 
미안한데 ,I'm sorry
축하해 ,congratulations 
하 ,under 
인생 ,Life
안전하게 ,safely
말하길 ,Said
언니가 ,My sister
유명한 ,famous 
숨어 ,Hide
로 ,as 
밤새 ,All night
처음엔 ,At first
나요 ,It's me
잠을 ,sleep
세상은 ,The world is
얘는 ,This guy
오랜 ,Long time
최근 ,recent 
좋죠 ,Good
카레브 ,Carew
내말은 ,What I mean is
리처드 ,Richard
사람한테 ,To people
학교에서 ,At school
달려 ,Run
갈거야 ,I'm going
왼쪽 ,left 
사실이 ,It's true
경우 ,case 
안해 ,No
수많은 ,Numerous
가기 ,Go
귀여운 ,cute 
채 ,stick 
크리스 ,chris 
하니 ,hani 
소식을 ,News
의미가 ,The meaning
사람과 ,With people
받았어요 ,I got it
됐습니다 ,Okay
전쟁 ,war
손이 ,Hand
장난 ,joke 
괜찮니 ,Are you okay?
시작해 ,Start
아니니까 ,No
스콧 ,Scott
드릴까요 ,Would you like some?
마셔 ,Drink
쿠키 ,cookie 
보이는데 ,I can see it
끝났어요 ,It's over
방에서 ,In the room
카라 ,Kara
담배 ,cigarette 
잘하고 ,Well done
내겐 ,For me
저에게 ,To me
파티를 ,party
폴 ,Paul
뿐이지 ,That's all
맘대로 ,As you wish
전해 ,I told you
데리러 ,Pick up
장 ,page 
삶의 ,of life
괜찮습니다 ,it's okay 
찰리 ,Charlie
없었다 ,There wasn't any
영국 ,uk 
왔네 ,Here you go
필요합니다 ,I need it
라 ,la 
대니 ,Danny
이상해 ,It's weird
사건이 ,The incident
매번 ,Every time
거잖아요 ,That's right
보스 ,boss 
걸세 ,Girl
생각해봐 ,Think about it
오신 ,Welcome
비밀을 ,Secret
있긴 ,There is
개를 ,dog
간다고 ,I'm going
빠르게 ,fast 
생각합니다 ,I think
괜찮으세요 ,Are you okay?
어찌 ,How
오른쪽 ,right 
말로 ,In words
위험해 ,It's dangerous
범인은 ,The culprit is
가방 ,bag 
떠나지 ,Don't leave
만들었어 ,I made it
싶다고 ,I want to
개가 ,The dog
뉴욕 ,New York
그러세요 ,"Yes, that's right"
먼 ,far 
있는거 ,There is
이따 ,Later
느낄 ,feel
우와 ,wow 
위하여 ,For
열쇠 ,key
도시를 ,The city
낼 ,Tomorrow
바닥에 ,On the floor
든 ,All
생각했는데 ,I thought about it
진 ,jin 
말했지 ,I told you
가르쳐 ,Teach
마찬가지야 ,Same thing
깊은 ,deep
났어 ,Got it
물건 ,thing 
금지 ,Prohibition
살아있는 ,alive
또는 ,or 
찾으면 ,If you find it
존나 ,Fucking hell
떠나 ,Leave
가죠 ,Let's go
사람들도 ,People too
않았습니다 ,Didn't
파블로 ,Pablo
선물을 ,A gift
자격이 ,Qualification
스스로를 ,myself
마을 ,village
손으로 ,By hand
누나 ,Sister
놈들을 ,Those guys
때문이지 ,Because
비슷한 ,Similar
없이는 ,Without
갑니다 ,I'm going
계신 ,You are here
아가야 ,Baby
시체를 ,The body
데려가 ,Take me
말해요 ,Tell me
자가 ,Self
옳지 ,Right
어릴 ,When I was young
듯 ,Seems
된다는 ,It can be done
잘못이 ,It's my fault
아시죠 ,You know
동시에 ,at the same time 
형은 ,My brother
안다고 ,I know
이동 ,movement 
음식을 ,food
아빠랑 ,With dad
전까진 ,Until now
고작 ,At most
만들지 ,Make it
해야할 ,Must do
준비를 ,Get ready
못했어요 ,I couldn't do it
번역 ,translation 
범인이 ,The culprit
죽이려고 ,To kill
수술은 ,The surgery is
뿐 ,Only
싶을 ,I want to
누구나 ,Anyone
우리랑 ,With us
너희들은 ,You guys
언제부터 ,Since when
누구든 ,Anyone
관심을 ,Interest
관련된 ,Related
음식 ,food 
걸릴 ,Take
소릴 ,Sound
왕이 ,The king
찾지 ,Find
약속 ,promise 
들려요 ,I can hear you
온다 ,Coming
어떤지 ,How is it
보여줘 ,show me 
생각이야 ,I think so
무척 ,Very much
치프 ,Chief
인간이 ,Humans
선생 ,teacher 
알겠죠 ,You understand
대해선 ,About Daehan
않네요 ,No
개인 ,individual 
전부터 ,From before
데이비드 ,David
잘됐네 ,That's good
내려놔 ,Put it down
놀라운 ,Amazing
엄청나게 ,Incredibly
똑똑한 ,smart 
행동을 ,Action
위험을 ,Risk
연락 ,Contact
도 ,do 
화장실 ,restroom 
년 ,year 
사랑은 ,Love is
부르는 ,Calling
생기면 ,If it happens
부모님이 ,My parents
부인이 ,My wife
하겠습니다 ,I will do it
넣어 ,Put it in
힘들어 ,it's hard 
감정을 ,Feelings
커다란 ,big
빠진 ,Missing
위에서 ,From above
진정해요 ,Calm down
세상의 ,of the world
싶진 ,I don't want to
형님 ,older brother 
돌아오지 ,Don't come back
방을 ,The room
결과를 ,The results
있으세요 ,Are you there?
않았지 ,Didn't
소식이 ,The news
임무를 ,Mission
사장님 ,president 
하긴 ,but 
하나요 ,One
남아 ,Remain
듣지 ,Don't listen
신 ,god 
오빠가 ,My brother
앨리슨 ,Allison
아내는 ,My wife
하자고 ,Let's do it
보안 ,security 
맞습니다 ,you're right 
아래로 ,Down
버크 ,Burke
이러면 ,If this happens
약간의 ,A little bit
모르겠는데 ,I don't know
대부분 ,mostly 
없었죠 ,There wasn't any
원해요 ,I want it
모르잖아 ,I don't know
미안합니다 ,I'm sorry 
누구요 ,Who are you?
싸우고 ,Fighting
없군 ,There isn't any
줬어 ,I gave it to you
저와 ,Me and
할래 ,I want to
같구나 ,Same
됐네 ,Okay
왔을 ,Came
대학 ,university 
드릴 ,drill
좀더 ,A little more
검사를 ,Inspection
예전 ,Old
싶습니다 ,I want to
스티븐스 ,Stevens
이거야 ,This is it
있겠어요 ,I guess so
않았을 ,Wouldn't have
나가는 ,Going out
반갑습니다 ,Nice to meet you 
아저씨가 ,The old man
질 ,Quality
기억을 ,Memories
돕고 ,Helping
죽기 ,To die
봤을 ,I saw it
섹스 ,sex
올게요 ,I'll come
떠난 ,Left
하네요 ,Yes
누구랑 ,With whom
앤 ,Anne
누군가는 ,Someone
아들은 ,My son
바 ,bar 
마음대로 ,As you wish
만나게 ,Meet
않아서 ,Because I didn't
결혼을 ,Marriage
보니까 ,I see
씨는 ,The seeds
잃은 ,Lost
그런게 ,That's it
엄만 ,Mom
해봐요 ,Try it
빨간 ,red
때문이죠 ,Because
강력한 ,strong
환자의 ,The patient's
대통령님 ,Mr. President
맥주 ,beer 
아니거든 ,"No, it's not"
얘기하는 ,Talking
중요하지 ,It's not important
늦었어 ,It's late
남편은 ,My husband
크고 ,big
두번째 ,second 
해서요 ,So
연락을 ,Contact
왜죠 ,Why?
나무 ,tree 
만세 ,Long live
쉐퍼드 ,Shepherd
자유 ,freedom 
관계를 ,relationship
싸우는 ,fighting
거라는 ,That's it
경찰에 ,To the police
기다릴 ,Wait
여행 ,travel 
이제야 ,Just now
여자랑 ,With a girl
그곳에 ,There
치료를 ,Treatment
자네에게 ,To you
종류의 ,Kind of
연락이 ,Contact
줄까 ,Should I give it to you?
안했어 ,I didn't do it
고 ,go 
만나는 ,Meet
달린 ,Run
루시 ,Lucy
그렇군 ,I see
않을까 ,Won't it?
안그래 ,No
전화해서 ,Call me
나와서 ,Come out
지금이 ,Now is
괜찮을거야 ,It'll be okay
세게 ,Hard
이것이 ,This is
신발 ,shoes 
답을 ,The answer
팀이 ,The team
괜히 ,For no reason
헤일리 ,Hailey
셰퍼드 ,Shepherd
있을지도 ,There might be
서서 ,Standing
애야 ,Hey
결과가 ,The result
해냈어 ,I did it
했나 ,Did you do it?
별거 ,Separation
러시아 ,russia 
아빤 ,Dad
알겠다 ,i get it 
밤을 ,The night
루시퍼 ,Lucifer
전화해 ,Call me
달리 ,Dali
이야기는 ,The story is
친한 ,close
하겠어 ,I will do it
어떤가 ,How is it?
증거가 ,The evidence
사랑이 ,Love
깜짝 ,Surprise
있었을 ,There was
가봐야 ,I have to go
행복해 ,I'm happy
대부분의 ,Most of
생각한 ,I thought
침대 ,bed 
넣고 ,Put it in
밑에서 ,From below
않았죠 ,No
걸고 ,Hang it
증거를 ,Evidence
칼을 ,The knife
게임을 ,Play the game
침대에 ,On the bed
가족은 ,The family
봅시다 ,Let's see
타마오 ,Tamao
나왔어 ,I'm out
거래 ,transaction 
행복하게 ,happily
녀석은 ,The guy
영혼을 ,soul
삶은 ,Life
위험에 ,In danger
끝날 ,End
두려워 ,I'm scared
개인적인 ,personal
아버진 ,Father
저들은 ,They are
뭡니까 ,What is it?
즉 ,in other words 
년 ,year 
미스 ,miss 
중국 ,china 
속 ,inside 
걱정마 ,don't worry 
여지가 ,There is room
가라고 ,Go
가야지 ,I have to go
집은 ,The house
봐서 ,Look
결혼식 ,wedding
자를 ,Cut
기꺼이 ,Willingly
없으니 ,There isn't any
여기야 ,Here it is
오게 ,Come on
싫어하는 ,I hate it
하시는 ,Are you doing it?
몇몇 ,Some
있다가 ,After a while
확실한 ,sure 
물어봐 ,Ask
필요하면 ,If necessary
누구한테 ,To whom
결과 ,result 
없었지 ,There wasn't any
말게 ,Stop it
정신을 ,Mind
부르지 ,Don't call
케빈 ,Kevin
제시 ,proposal 
그쪽 ,That side
새끼야 ,Hey kid
불이 ,Fire
영화를 ,Watch the movie
맨 ,Man
나한텐 ,To me
늦게 ,Late
간단한 ,Simple
상당히 ,quite 
너흰 ,You guys
발을 ,Feet
이후 ,After that
이리로 ,Come here
보입니다 ,I can see it
줄래 ,Do you want to?
돈도 ,Money too
다르게 ,differently
삶이 ,Life is
다치게 ,Hurt
뿐입니다 ,That's all
생각보다 ,More than I thought
나에 ,To me
차는 ,The car
살짝 ,slightly
못하면 ,If you can't
상처 ,wound 
필요도 ,Need too
하셨어요 ,You did it
곳이야 ,It's a place
죽음의 ,of death
빈 ,bean 
필요없어 ,No need
농담 ,joke 
번만 ,Just once
번이나 ,Number of times
있는건 ,What is there is
드세요 ,Eat
어쩌다 ,How come
잡았어 ,Got it
동생이 ,My younger brother
뭐냐 ,What is it?
미첼 ,Mitchell
건물 ,building 
있대 ,They say it's there
여자야 ,She's a girl
좋아할 ,I like it
인생은 ,Life is
챙겨 ,Take care
됐고 ,Done
이상하게 ,Strangely
잃을 ,Lose
모른다고 ,I don't know
생각하면 ,If you think about it
거라고요 ,That's it
인생이 ,Life is
약속해 ,I promise
자동차 ,automobile 
들어봐요 ,Listen up
없을거야 ,There won't be any
예를 ,For example
돌아가서 ,Go back
편지를 ,A letter
빌리 ,Billy
분 ,minute 
안다 ,I know
일하러 ,Go to work
걸린 ,Got caught
질문에 ,To the question
뒤에서 ,From behind
미 ,mi 
주에 ,In the week
말했죠 ,I told you
너희는 ,You guys
끝나고 ,After finishing
말에 ,In words
대통령 ,president 
보냈어 ,I sent it
안나 ,Anna
시간이야 ,It's time
춤을 ,dance
오늘이 ,Today is
행크 ,Hank
달러 ,dollar
끝이야 ,It's over
에이버리 ,Avery
거네 ,Yes
일주일 ,a week
꼬마 ,Little boy
가슴 ,chest
완료 ,complete 
이야 ,Hey
한가지 ,One thing
어딨어요 ,Where are you?
아니겠지 ,No way
갈까 ,Should I go?
아들아 ,Son
배리 ,Barry
땅에 ,On the ground
신은 ,God
고맙소 ,Thank you
신경쓰지 ,Don't mind
나왔어요 ,I'm out
누군데 ,Who is it?
분 ,minute 
있었잖아 ,It was there
어딨는지 ,Where is it?
남편을 ,My husband
비록 ,Although
뒤를 ,Behind
너야 ,It's you
마십시오 ,Do not
딘 ,Dean
그만둬 ,Stop it
받아야 ,I need to receive it
마실 ,Drink
심하게 ,severely
분 ,minute 
들었는데 ,I heard
오기 ,Come
없게 ,No
소중한 ,precious 
개의 ,dog's
할아버지가 ,My grandfather
어쩌지 ,What should I do?
가려고 ,To go
호텔 ,hotel
듣는 ,Listening
나이 ,age 
일종의 ,kind of 
필요하지 ,I don't need it
일들이 ,Things
더욱 ,More
안되요 ,No way
제이크 ,Jake
치워 ,Put it away
저도요 ,me too 
거였어 ,That was it
엄마의 ,Mom's
인생의 ,of life
할머니가 ,My grandmother
당신이랑 ,With you
거군요 ,I see
지내 ,Stay
아기는 ,The baby
어떨까 ,How about it?
아니네 ,No
경찰을 ,The police
쉬어 ,Rest
해결할 ,To solve
전화가 ,The phone
공격을 ,Attack
아니라는 ,No
신부님 ,Father
별일 ,Something strange
하느님 ,God
걱정할 ,No need to worry
사고가 ,The accident
찾기 ,Find
길에 ,On the road
보이네 ,I see it
나가야 ,I have to go out
데려와 ,Bring it
사람들과 ,With people
빠른 ,fast 
돌아가는 ,Going back
일들을 ,Things
말해봐요 ,Tell me
신을 ,God
자말 ,Jamal
수밖에 ,No choice but to
줬어요 ,I gave it to you
걸려 ,Hanging
이대로 ,Like this
에이 ,no way 
보내는 ,Sending
어머니는 ,Mother
가득 ,full
보여줄 ,Show
않도록 ,So as not to
아이의 ,Child's
있다구요 ,There is
안됩니다 ,No
힘 ,strength 
바람에 ,In the wind
헬렌 ,Helen
및 ,and 
않은데 ,No
쓰레기 ,trash 
들었지 ,I heard
도움 ,help 
메시지를 ,message
치고 ,Hit
일할 ,To work
모른다 ,I don't know
아예 ,At all
않잖아 ,No
다리가 ,The legs
팔을 ,Arm
같애 ,Same
보인다 ,It looks like
죽었다고 ,He died
정보가 ,The information
하도록 ,To do
생각하세요 ,Think about it
빌 ,Bill
이곳 ,Here
계획은 ,The plan is
나보고 ,Look at me
그런가 ,Is that so?
좋고 ,Good
누구세요 ,who are you 
굳이 ,By all means
자식이 ,My child
언제든 ,Anytime
완벽하게 ,Perfectly
아이들 ,children 
안전해 ,It's safe
않다고 ,No
해보자 ,Let's try
앉으세요 ,Please sit down
받게 ,Receive
된거야 ,It's done
하셨죠 ,You did
어떠세요 ,How is it?
계속해서 ,Continued
않았다면 ,If not
했네 ,I did it
각자 ,Each one
단순한 ,Simple
맛이 ,The taste
있었나 ,Was there
무릎 ,knee
눈으로 ,With eyes
감옥에서 ,In prison
좋겠네요 ,That would be nice
채로 ,As is
충분한 ,enough
있었으면 ,If only there were
되겠죠 ,It will work
싶다 ,I want to
했으면 ,If I had done it
물어 ,Ask
정도면 ,If it's that much
어딘가에 ,Somewhere
군대를 ,The military
소식은 ,The news is
하더군요 ,He said
보이네요 ,I can see it
포 ,pho 
멈추지 ,Don't stop
사 ,buy 
경찰은 ,The police
신호를 ,signal
차려 ,Prepare
없거든 ,If there isn't any
있을거에요 ,There will be
문자 ,message 
불러요 ,Call me
선택을 ,Make a choice
오셨어요 ,You're here
남의 ,Other people's
나가자 ,Let's go out
등 ,etc 
가짜 ,FALSE 
사건에 ,In the case
역할을 ,Role
몇가지 ,A few
아파요 ,It hurts
상황에 ,In the situation
아니란 ,No
이름으로 ,By name
차로 ,By car
줘야 ,I have to give it to you
뿐이죠 ,That's all
틀렸어 ,Wrong
있어서요 ,Because it exists
우 ,right 
따라서 ,thus 
뭐니 ,What is it?
말만 ,Just words
정보 ,information 
좋다고 ,I said it was good
말해줘요 ,Tell me
아이들은 ,The children
이유 ,reason 
쇼 ,show 
아빠도 ,Dad too
왠지 ,For some reason
않는다고 ,I said no
총에 ,In the gun
되기 ,Become
지구 ,earth 
향해 ,Towards
전체를 ,The whole thing
와인 ,wine
꿈이 ,Dream
싶지만 ,I want to but
시작할 ,to start
쳐 ,Hit
독일 ,germany 
사랑의 ,Love
반가워 ,nice to meet you 
많지 ,Not much
늙은 ,old
쏘지 ,Soji
비디오 ,video 
확실하게 ,Certainly
오히려 ,rather 
토레스 ,Torres
않니 ,Isn't it
부를 ,To call
목소리 ,voice 
얘기야 ,It's a story
레드 ,Red
거면 ,Geomyeon
그녀와 ,With her
올라가 ,Go up
희망을 ,Hope
알려줘 ,Let me know
월터 ,Walter
주셔서 ,Thank you for giving me
멈출 ,Stop
그나저나 ,By the way
차례야 ,It's your turn
고등학교 ,high school 
저요 ,Me
사실이야 ,It's true
주십시오 ,Please give me
소식 ,News
온거야 ,I'm here
실제 ,Real
기록을 ,record
괜찮다고 ,It's okay
말하기 ,Speaking
이틀 ,Two days
들어가면 ,When you go in
선택의 ,Choice of
멋져 ,Cool
회사를 ,The company
한참 ,For a long time
어땠어 ,How was it
그에 ,To him
방으로 ,To the room
찰스 ,Charles
알겠지만 ,I understand
모자 ,hat 
엘리자베스 ,Elizabeth
손님 ,customer 
하나님 ,father 
프랑스 ,france 
이를 ,This
질문이 ,The question is
이상의 ,Above
됐는데 ,Okay
일어나는 ,happening
합시다 ,Let's do it
요새 ,Fortress
미국의 ,America's
그러는데 ,But
뜻은 ,The meaning is
성 ,castle 
작전 ,Operation
여자와 ,With a woman
사랑하지 ,I love you
너무나 ,So much
부모님 ,parents 
여행을 ,Travel
않았으면 ,If not
사랑한다 ,I love you
돌아온 ,Returned
관련 ,related 
벌 ,punishment 
목소리를 ,Voice
중요해 ,It's important
때문에요 ,Because
하잖아요 ,You know
몰라서 ,Because I don't know
먹으면 ,If you eat it
그렇구나 ,I see 
여잔 ,Woman
그니까 ,That's why
홈즈 ,Holmes
릭 ,Rick
헌트 ,Hunt
오라고 ,Come on
여러분이 ,You guys
입에 ,In the mouth
존스 ,Jones
있으니까요 ,Because it exists
줘서 ,Because I gave it to you
있었나요 ,Was it there?
물어볼 ,Ask
조이 ,Joy
컴퓨터 ,computer 
상황은 ,The situation is
싶네요 ,I want to
봤다고 ,I saw it
붙어 ,Stick
복잡한 ,complicated 
보일 ,Boyle
팀을 ,Team
다행이다 ,thank god 
결국엔 ,In the end
물에 ,In the water
화를 ,Angry
자세히 ,In detail
필요하다고 ,I need it
번 ,th 
가시죠 ,Let's go
어두운 ,dark
뛰어난 ,Excellent
여성 ,female 
일인데 ,It's work
변호사 ,lawyer 
지켜 ,Keep
가져왔어 ,I brought it
바래 ,Hope
말해서 ,Speaking
주 ,main 
놈이야 ,That guy
태어난 ,Born
나가면 ,When you go out
낫지 ,Better
이들은 ,These are
나머지는 ,The rest
돼지 ,pig 
저걸 ,That
해리 ,Harry
옛 ,ancient 
동네 ,neighborhood
정말이지 ,Really
고칠 ,Fix it
이야기가 ,The story
끝이 ,The end
인간은 ,Humans
하킴 ,Hakim
능력이 ,Ability
전체 ,entire 
대신에 ,Instead
깊이 ,Depth
어딨지 ,Where are you?
같다고 ,Same
벽에 ,On the wall
이상은 ,This is
탈 ,escape
언젠가는 ,Someday
그림 ,painting 
그보다 ,Than that
없었던 ,There was no
있군요 ,There it is
어쩌고 ,What's going on?
책임을 ,Take responsibility
말씀을 ,I said
아멘 ,amen 
우주 ,universe 
중에서 ,Among
때를 ,When
앉아요 ,Sit down
여섯 ,six
순간을 ,The moment
보려고 ,To see
기억하지 ,I don't remember
죽였어요 ,I killed him
하루에 ,In a day
그린 ,green 
사무실에 ,In the office
손님이 ,The guest
이해해요 ,I understand
전쟁이 ,The war
비가 ,It's raining
년 ,year 
왕 ,king 
것들은 ,Things
나을 ,Better
녀석을 ,That guy
때문이에요 ,Because of that
그렇겠죠 ,I guess so
몸은 ,The body
지킬 ,Jekyll
마틴 ,Martin
카드 ,card 
모르겠습니다 ,I don't know
좋았어요 ,It was good
공주님 ,princess 
어떻게요 ,How is it?
달라요 ,It's different
했거든 ,I did it
뜻이죠 ,That's what it means
해치지 ,Don't hurt
받아요 ,Accept it
잘됐네요 ,That's good
어머니를 ,Mother
꺼 ,turn off 
맡아 ,Take charge
비행기를 ,The plane
이러고 ,Like this
알겠네 ,"Okay, I see"
계획 ,plan 
노아 ,Noah
그래야지 ,That's right
우리에겐 ,For us
신호가 ,The signal
슬픈 ,sad 
내일은 ,Tomorrow
인해 ,Because of
잃고 ,Lost
지미 ,Jimmy
이름도 ,The name too
수술실에 ,In the operating room
가져가 ,Take it
남을 ,Others
주변에 ,Around
엄마와 ,With mom
않다 ,No
움직일 ,Move
그런거야 ,That's it
혈액 ,blood
꼬마야 ,Little boy
피해 ,damage 
확실해요 ,I'm sure
다니는 ,Dani
사랑한다고 ,I love you
이곳에서 ,Here
권리가 ,The right
되나 ,Can it be done?
필립 ,Philip
유일하게 ,The only one
겠어 ,I will
하는거 ,Doing it
재미 ,fun 
해야겠어 ,I have to do it
접근 ,Access
에디 ,Eddie
선을 ,The line
생각에는 ,In my opinion
로버트 ,Robert
동생을 ,My younger brother
떠나는 ,Leaving
돌아와서 ,Come back
식사 ,meal 
무엇이 ,What is
했거든요 ,I did it
먹은 ,Ate
코너 ,corner 
상관없어요 ,It doesn't matter
목에 ,On the neck
춤 ,dance
부모님은 ,My parents
데이브 ,Dave
비 ,rain 
마리 ,number of animals 
못된 ,Bad
있었지만 ,But there was
축하해요 ,congratulation 
같았어 ,It was the same
사라진 ,disappeared
대화 ,conversation 
엘리엇 ,Elliot
관계가 ,The relationship
됐네요 ,Okay
아내와 ,With my wife
얘기도 ,Talk too
멈춰요 ,Stop
왓슨 ,Watson
저번에 ,Last time
볼게요 ,I'll see
이란 ,Iran
음악을 ,Music
대장 ,Captain
건데요 ,That's right
아줌마 ,Auntie
인생에서 ,In life
총알이 ,The bullet
들지 ,Don't listen
국장님 ,Director
방법 ,method 
끝에 ,At the end
되니까 ,Because it works
죽이려 ,To kill
되겠어 ,It'll work
관련이 ,Related
있구나 ,There it is
사람들한테 ,To people
되는지 ,Is it possible?
위해서요 ,For the sake of
안된다고 ,I said no
저녁에 ,In the evening
어떠한 ,Any
말했잖아요 ,I told you
맞춰 ,Match
못하겠어 ,I can't do it
했었어 ,I did
자요 ,sleep 
하겠지 ,I will do it
설명할 ,To explain
자유를 ,Freedom
뜻이 ,Meaning
했었지 ,I did
편하게 ,comfortably
높이 ,height 
찾아봐 ,Look it up
매 ,hawk 
당시 ,at that time 
해가 ,The sun
법 ,law 
어디가 ,Where are you
만에 ,After a long time
키루밍 ,Kiruming
명은 ,The name is
잠이 ,Sleep
모습이 ,Appearance
듣기 ,Listen
파는 ,Selling
새벽 ,dawn 
둘을 ,Two
그려 ,Draw
외과 ,Surgery
같으니 ,Same
카논 ,Canon
달러를 ,Dollar
침대에서 ,In bed
제안을 ,Make a suggestion
범죄 ,crime
보기엔 ,It looks like
진정 ,Calm
다행이야 ,thank god 
나이가 ,Age
캡틴 ,Captain
사람으로 ,As a person
배에 ,On the boat
되길 ,I hope so
살게 ,Live
어머나 ,Oh my god
끝 ,end 
잘못이야 ,It's wrong
있는거지 ,It exists
둘이서 ,The two of us
풀어 ,Let go
엉덩이 ,buttocks
잊고 ,Forget it
부탁 ,ask 
통해서 ,Through
거기로 ,There
힘들게 ,With difficulty
폭탄을 ,Bomb
해주고 ,And do it
읽고 ,Read
이곳은 ,This place is
만일 ,If
시작한 ,Started
그도 ,He too
와줘서 ,Thank you for coming
말해줄 ,Tell me
싫다고 ,I don't like it
여러분의 ,Your
딸은 ,My daughter
이해를 ,Understanding
뭘요 ,What is it?
있는걸 ,It exists
손가락 ,Finger
수술실에서 ,In the operating room
나처럼 ,Like me
공격 ,attack
같아서요 ,Because it's the same
있었네 ,There was
같았어요 ,It was the same
않겠어 ,I won't
사랑하고 ,I love you
갖게 ,Have
없단다 ,There isn't any
명을 ,Name
와봐 ,Come here
나오면 ,When you come out
릴리가 ,Lily
타는 ,burning
주려고 ,To give
아시잖아요 ,You know
땅을 ,The land
이곳을 ,This place
말해주지 ,I'll tell you
부분을 ,Part
상태로 ,In status
도로 ,road name 
이유로 ,For some reason
살아요 ,I'm alive
마음은 ,The heart
배포 ,distribution 
드리죠 ,I'll give it to you
내고 ,I'm going out
왔는지 ,Have you come?
들 ,field 
웨버 ,Weber
말했던 ,I said
먹으러 ,To eat
진지하게 ,Seriously
얘기하지 ,Don't talk
줄을 ,Line
여자의 ,Women's
원하면 ,If you want
해야만 ,I have to
들어와요 ,Come in
목이 ,Sore throat
책임이 ,Responsibility
만들었어요 ,I made it
미란다 ,Miranda
이쪽 ,This way
버릴 ,Throw away
키 ,key 
해본 ,Tried
런던 ,London
먹었어 ,I ate
봅니다 ,I see
지냈어 ,I've been there
후로 ,After
개인적으로 ,Personally
거나 ,Or
지금쯤 ,By now
살인을 ,Murder
여자들이 ,The women
됐나 ,Okay
캘리 ,Cali
아래에 ,Below
뭐가요 ,What is it?
생길 ,Will happen
은행 ,bank 
결혼할 ,To get married
바비 ,Barbie
아버지와 ,With my father
편지 ,letter 
않았고 ,Didn't
안되지 ,No way
말대로 ,As you said
볼게 ,I'll see
상황 ,situation 
되서 ,So
누구라도 ,Anyone
누워 ,Lie down
보이고 ,I see
삼촌이 ,My uncle
스티브 ,Steve
치료 ,therapy 
년 ,year 
그놈이 ,That guy
여자들은 ,The women
하거든 ,If you do it
있었다면 ,If there was
엘리스 ,Ellis
들어온 ,Came in
해낼 ,I can do it
알려 ,Let me know
들면 ,If you listen
상상도 ,imagination
단순히 ,Simply
시작했어 ,I started
몰리 ,Molly
전체가 ,The whole thing
도망쳐 ,Run away
안녕하십니까 ,hello 
하던데 ,They said
들어오세요 ,Come in
하다니 ,Hadani
정확한 ,accurate 
보냈어요 ,I sent it
부스 ,Booth
마리아 ,Maria
적절한 ,appropriate 
데가 ,Dega
않소 ,No
대기 ,atmosphere 
잃었어 ,I lost it
트럭 ,truck
개자식 ,Son of a bitch
견딜 ,Endure
재밌게 ,Have fun
너처럼 ,Like you
쉬고 ,Rest
위험해요 ,It's dangerous
천 ,cloth 
생각하나 ,Do you think
에릭 ,Eric
들으면 ,If you listen
다만 ,but 
데이빗 ,David
선생님을 ,Teacher
만났어 ,I met you
시키는 ,Shikini
짐을 ,Luggage
윌슨 ,Wilson
오웬 ,Owen
남자의 ,Man's
기다려봐 ,Wait a minute
부인은 ,My wife
짓은 ,I did it
충분해 ,Enough
나와요 ,Come out
케이트 ,Kate
앤디 ,Andy
꼼짝 ,Freeze
전투 ,battle
없겠지 ,There won't be any
탄 ,Carbon
브라이언 ,Brian
키스 ,kiss 
대해서는 ,About
안전하지 ,Not safe
무언가를 ,something
게이 ,gay
되잖아요 ,It's possible
형제 ,sibling 
적을 ,Enemy
폭탄 ,bomb
않을거에요 ,I won't
그들과 ,With them
확인하고 ,Check it out
한테 ,To Hanta
교수님 ,professor 
불가능해 ,Impossible
않았지만 ,But I didn't
하겠어요 ,I will do it
속의 ,Inside
흥미로운 ,Interesting
일곱 ,seven
씨를 ,Seed
내로 ,Into
남자랑 ,With a man
따뜻한 ,warm
섹스를 ,Have sex
있대요 ,They say it exists
말고요 ,"No, not really"
성하 ,Your Holiness
영웅이 ,The hero
무언가 ,something
너만 ,Only you
먹지 ,Don't eat
사라 ,Sarah 
거란다 ,It's called Georanda
으 ,eww 
숙녀 ,Lady
아니까 ,No
잤어 ,I slept
토미 ,Tommy
포기하지 ,Don't give up
안되 ,No way
되네 ,It works
드는 ,It's coming
슬론 ,Sloan
틀림없이 ,Without a doubt
친구들을 ,Friends
생겼어요 ,It looks like this
수업 ,class 
걸까요 ,Should I do it?
있구요 ,There is
시 ,city ​​
하길 ,I hope so
가는데 ,On the way
머피 ,Murphy
바꿔 ,Change
사람이랑 ,With people
놀고 ,Playing
세계를 ,The world
아니란다 ,No
귀찮게 ,Annoying
열쇠를 ,The key
당신에 ,To you
잘해 ,Good job
훔친 ,Stolen
전까지는 ,Until then
속으로 ,Inside
대답해 ,Answer me
잠 ,sleep 
최고야 ,It's the best
세상에나 ,Oh my god
루이스 ,Louis
보면서 ,While watching
롭 ,Rob
기분은 ,I feel
조심 ,Be careful
년 ,year 
되는거야 ,It's possible
알겠나 ,Do you understand?
이제부터 ,From now on
그것에 ,On it
일어나지 ,Wake up
특별히 ,Especially
잃어버린 ,Lost
때문입니다 ,Because
대고 ,Daego
사무실에서 ,At the office
부분이 ,Part
새끼가 ,The baby
심한 ,severe
주의 ,caution 
똑같아 ,Same
사건은 ,The incident
치즈 ,cheese 
들어가는 ,Going in
매년 ,Every year
문제에 ,In the problem
일어나서 ,Get up
목 ,neck 
안전을 ,Safety
빚을 ,Debt
거리를 ,The distance
맛있는 ,delicious 
이번에는 ,This time
맞았어요 ,That's right
시간도 ,Time too
되었습니다 ,It's done
의하면 ,According to
감정이 ,Feelings
열고 ,Open
빈센트 ,Vincent
박사가 ,The doctor
안전 ,safety 
당신네 ,You guys
닥치고 ,Shut up
양이 ,Sheep
벽을 ,the wall
잭슨 ,Jackson
감정 ,emotion 
가야겠어 ,I have to go
왔구나 ,You're here
복수를 ,Revenge
생각했던 ,I thought
과연 ,indeed 
편이 ,Convenience
아프게 ,It hurts
맞을 ,Right
형을 ,My brother
아닐까 ,Maybe
뭔가요 ,What is it?
써요 ,I'm using it
궁금해 ,curious 
이용해 ,Use it
전기 ,electricity 
되세요 ,Please be
알렉스가 ,Alex
붉은 ,red
개월 ,months
아무데도 ,Nowhere
원하는게 ,What you want
죄송한데 ,I'm sorry
때문이 ,Because
시작했어요 ,I started
섹시한 ,sexy
너나 ,You or me
도와드릴까요 ,Can I help you?
신사 ,gentleman
왔죠 ,I'm here
찾았다 ,Found it
목소리가 ,The voice
길은 ,The road is
부탁이야 ,Please
칠 ,Seven
사라졌어 ,It's gone
이번에 ,This time
돌아가고 ,Go back
생각했죠 ,I thought
텐데요 ,I guess so
누구를 ,Who
사업을 ,Do business
살지 ,Live
친구들은 ,Friends
정부 ,government 
시험 ,test 
운명을 ,Fate
거겠지 ,I guess so
백인 ,white people
얻은 ,Got
괴물이 ,The monster
없는데요 ,There isn't any
수술실 ,operating room
느끼는 ,I feel
해야죠 ,I have to do it
없었습니다 ,There wasn't any
그러길 ,I hope so
그럴지도 ,Maybe so
끝낼 ,Finish
없단 ,None
잘난 ,smart
계속해 ,Keep going
도저히 ,No way
왕의 ,King's
기뻐 ,I'm glad
바보같은 ,Stupid
무슨일이야 ,what's the matter 
전쟁은 ,The war is
살릴 ,Save
택시 ,taxi 
찍은 ,Taken
조만간 ,Sooner or later
진정하세요 ,Calm down
대답을 ,Answer
평화를 ,Peace
테디 ,Teddy
용감한 ,Brave
맞은 ,Right
돌아왔어 ,I'm back
시작하자 ,Let's get started
작년에 ,Last year
묻는 ,Asking
하거든요 ,I'm doing it
브라보 ,Bravo
글을 ,Writing
토마스 ,Thomas
왔다고 ,I came
바란다 ,I hope
났어요 ,It happened
시간 ,hour 
불가능한 ,Impossible
뇌 ,brain
넘게 ,Over
상처가 ,The wound
그럴게요 ,I will do that
정확하게 ,accurately 
혼자가 ,Alone
점은 ,The point is
이사 ,move 
없군요 ,There isn't any
임신 ,pregnancy 
그림을 ,Picture
속도를 ,Speed ​​up
잔뜩 ,A lot
알았다고 ,I got it
떠나야 ,I have to leave
에드워드 ,Edward
토니 ,Tony
하진 ,Hajin
준비됐어요 ,I'm ready
세워 ,Stand up
여름 ,summer 
감독 ,Director
만지지 ,Don't touch
저기에 ,Over there
보여주고 ,Show me
대충 ,roughly
경 ,kyung 
친구도 ,Friends too
장소를 ,The place
어떡하지 ,What should I do?
이해하지 ,I don't understand
많고 ,There are many
아무거나 ,anything 
조지가 ,George
신경을 ,Nerves
악마가 ,The devil
자랑스러워 ,I'm proud
규칙을 ,Rules
굴지 ,Gulgji
말인가 ,Is that right?
저기서 ,Over there
시체 ,corpse
임무 ,Mission
하기로 ,To do
쉬 ,pee 
어쩜 ,How come
누나가 ,My older sister
가야해 ,I have to go
하든 ,Harden
배운 ,learned
떠나고 ,Leaving
아야 ,ouch 
감옥 ,prison
오전 ,morning 
사망 ,death
창문 ,window 
가족과 ,With family
보네 ,I see
걱정은 ,Worry is
잡았다 ,Got it
제리 ,Jerry
당겨 ,Pull
맞고 ,Right
방식으로 ,In a way
돌아오면 ,When you come back
리코 ,Rico
각 ,each 
라그나 ,Ragnar
벗어 ,Take it off
데려 ,Take
줄래요 ,Do you want to give it to me?
방법으로 ,By way of
일어나고 ,Get up
알어 ,I know
바람이 ,The wind
갔지 ,I went
이용해서 ,By using
들어올 ,Come in
없다고요 ,No
안해요 ,I don't do it
읽어 ,Read
쓰면 ,If you write
마을을 ,The village
조금이라도 ,Even a little bit
어디든 ,Anywhere
번에 ,At once
미안하네 ,I'm sorry
건드리지 ,Don't touch
대령님 ,Colonel
언젠간 ,Someday
알기 ,Know
구하고 ,Save me
해주지 ,Don't do it
번 ,th 
자긴 ,Honey
찾게 ,Find it
데려갈 ,Take away
만나면 ,When we meet
조사를 ,Investigation
바래요 ,I hope so
더그 ,Doug
오줌 ,pee 
없었고 ,There wasn't any
생각했지 ,I thought
운 ,luck 
갔는데 ,I went
지키고 ,Keep it
재판장님 ,Your Honor
종종 ,Often
못하겠어요 ,I can't do it
병원으로 ,To the hospital
죽어가고 ,Dying
했다는 ,Did
고맙지만 ,"Thank you, but"
엔진 ,engine
거기다 ,There
같진 ,Same
레지던트 ,Resident
두지 ,Dooji
언니는 ,My sister
살면서 ,As I live
각하 ,Your Excellency
훌륭해 ,Great
애들한테 ,To the kids
차고 ,garage 
촬영 ,filming 
스트레스 ,stress 
여기에서 ,Here
의사를 ,The doctor
내는 ,I am
지는 ,Losing
바람을 ,The wind
어느날 ,One day
알지도 ,I don't even know
블랙 ,black 
않았나 ,Didn't you
지키는 ,Guarding
시신을 ,The body
애초에 ,In the first place
있을게 ,I'll be there
연방 ,Federation
그분은 ,He is
고통 ,pain 
하시죠 ,Let's do it
걸렸어 ,I got caught
비밀로 ,In secret
결혼한 ,Married
들어와서 ,Come in
당한 ,suffered
나라를 ,The country
그런건 ,That kind of thing
지내고 ,I'm staying
어딘지 ,Somewhere
즐겁게 ,Have fun
연구 ,research 
허나 ,However
뜻인지 ,What does it mean?
줄게요 ,I'll give it to you
솔직하게 ,Honestly
나리 ,lily 
아닌데요 ,"No, it's not"
서류 ,document 
가슴이 ,My heart
안했어요 ,I didn't do it
작전을 ,The operation
것이고 ,It is
대가를 ,The price
일본 ,japan 
온갖 ,All kinds of
장난해 ,Are you kidding me?
현장에서 ,On the spot
영상을 ,The video
말씀이 ,The words
왔나 ,Are you here?
시스템 ,System
대부분은 ,Most of them
데릭이 ,Derek
하고요 ,And
아이스크림 ,ice cream 
원했던 ,wanted
엄마야 ,Mom
엉덩이를 ,Butt
버스 ,bus 
돌아가야 ,I have to go back
부탁해요 ,Please
혈압이 ,Blood pressure
묻지 ,Don't ask
핸드폰 ,cell phone 
모르게 ,Without knowing
멍청아 ,Idiot
준비하고 ,Prepare and
유카와 ,Yukawa
처리할 ,To be processed
정말이에요 ,It's true
뜻이지 ,That's what it means
비싼 ,expensive
잃게 ,Lose
허 ,her 
올거야 ,I'll come
잡는 ,catch
벽 ,wall 
부탁해 ,Please
눈은 ,The eyes
배고파 ,hungry 
주로 ,mostly 
저것 ,That
놔두고 ,Leave it alone
남자들은 ,Men
구멍을 ,hole
했나요 ,Did you do it?
일만 ,Ten thousand
힘들 ,It's hard
돈으로 ,With money
우연히 ,by chance 
시스템을 ,The system
대위님 ,Captain
애기 ,baby 
가져왔어요 ,I brought it
않는다는 ,I don't say no
없었는데 ,There wasn't any
총이 ,The gun
너희를 ,You guys
말했듯이 ,As I said
네이단 ,Nathan
자식아 ,Son
무 ,radish 
조엘 ,Joel
받으면 ,If you receive it
사실대로 ,To be honest
않습니까 ,Isn't it?
뜨거운 ,hot
멋지네요 ,That's cool
같고 ,Same
오버 ,Over
상황에서 ,In the situation
편히 ,At ease
말해도 ,Even if I say it
좋겠네 ,That would be nice
때문이다 ,Because
파트너 ,partner 
존재하지 ,Doesn't exist
감시 ,surveillance
공 ,ball 
돕는 ,Helping
것이오 ,That's it
클리어 ,Clear
위 ,stomach 
누구시죠 ,Who are you?
앞으로도 ,In the future too
올리버 ,Oliver
홀로 ,Alone
신이시여 ,Oh my god
그래서요 ,That's why
왜그래 ,what's the matter 
덕에 ,Thanks to
상대가 ,The opponent
그쵸 ,Right?
아시겠죠 ,You know what I mean
위험 ,danger 
나라면 ,If I were you
인턴 ,Intern
그럴거야 ,That's right
거였어요 ,That was it
서둘러요 ,Hurry up
님 ,sir 
병 ,party 
점이 ,Dot
치료제를 ,The cure
시작하면 ,When you start
누군가의 ,Someone's
못할거야 ,I can't do it
긴급 ,emergency 
아무나 ,Anyone
자기를 ,Self
리디아 ,Lydia
정부가 ,The government
그러니깐 ,So
싱크 ,sink
말이예요 ,That's what I'm saying
작업을 ,Do the work
아니라고요 ,"No, I said no"
마이 ,my 
기술을 ,Technology
느끼고 ,I feel
출발 ,depart 
언제든지 ,whenever 
나간 ,went out
들어서 ,Enter
젠장할 ,Damn it
꽃 ,flower 
동물 ,animal 
과장님이 ,The manager
묻고 ,Ask
짧은 ,short
가슴에 ,In the chest
도시에 ,In the city
다르지 ,It's different
백 ,hundred 
죽었다 ,died
여자애 ,girl
구해 ,Save me
무서워요 ,I'm scared
분 ,minute 
딱히 ,Not really
코 ,nose 
제이슨 ,Jason
볼래 ,Want to see
있냐 ,Is it there?
또다른 ,Another
드레스 ,dress
사이 ,between 
하나야 ,One
사이가 ,Saiga
남자친구 ,boy friend 
부분은 ,The part is
남자와 ,With a man
않겠지 ,I don't think so
운전 ,drive 
선장님 ,Captain
늦은 ,late
거에 ,There
밤이 ,The night
삶에 ,In life
영원한 ,Eternal
좋아서 ,Because I like it
갔을 ,Went
최대 ,Maximum
쪽에 ,On the side
무섭네 ,It's scary
바다 ,ocean 
앨런 ,Alan
졸라 ,Zola
오후에 ,In the afternoon
애나 ,Anna
자네와 ,With you
될거에요 ,It will work
긴장 ,nervous 
폭풍이 ,The storm
마저 ,Even
연락해 ,Contact me
가슴을 ,chest
빌어 ,borrow
나가게 ,Go out
밤은 ,The night is
사건의 ,of the incident
주말에 ,On the weekend
하얀 ,white
한대 ,One
시체가 ,The corpse
참아 ,Hold on
스타크 ,Stark
암 ,cancer 
론 ,Ron
본적이 ,Where is your hometown?
테스트 ,test 
아서 ,Arthur
통 ,container 
집도 ,House
뭐에 ,What
약속할게 ,I promise
찍고 ,Take a picture
찍어 ,Take a picture
죽었을 ,I would have died
확 ,sudden 
나라 ,country 
배울 ,Learn
위해선 ,For this reason
많아서 ,Because there are many
시애틀 ,Seattle
너에 ,To you
윌리엄 ,William
어떨까요 ,What do you think?
해줄게 ,I'll do it
영광입니다 ,It's an honor
공연 ,Performance
자체가 ,itself
자신 ,Confidence
하나씩 ,One by one
상태를 ,Status
장군님 ,General
읽을 ,Read
꺼내 ,Take it out
옆에서 ,From the side
흑인 ,black people
사람이라고 ,As a person
총은 ,The gun
현장에 ,On the scene
잡아요 ,Hold on
다녀 ,Go
근처 ,around 
빛을 ,Light
테니까요 ,Because it is
꼴을 ,The shape
나오고 ,Come out
해군 ,Navy
종양이 ,The tumor
이것을 ,This
따윈 ,That kind of thing
모르니까 ,Because I don't know
방이 ,The room
길로 ,On the road
않았는데 ,I didn't
바보야 ,you idiot 
발견한 ,Found
나오지 ,Come out
일 ,Day 
메이 ,May
괴물 ,monster
하더군 ,He said
했소 ,I did it
말할게 ,I'll tell you
번호 ,number 
마을에 ,In the village
베일리가 ,Bailey
온다고 ,He said he was coming
됐다고 ,Okay
넷 ,Net
기다려야 ,I have to wait
집어 ,Pick up
강하게 ,Strongly
당신들을 ,You guys
잘했어요 ,good job 
했다면 ,If you did
그렇다 ,Yes
알아낼 ,Find out
그놈 ,That guy
여자친구 ,girl friend 
지낼 ,Stay
주인이 ,The owner
그렇소 ,"Yes, that's right"
완벽해 ,Perfect
않았다고 ,I didn't say anything
존재를 ,existence
모두의 ,Everyone's
작업 ,work 
그레이스 ,Grace
주요 ,Main
걔를 ,Him
늦어서 ,Because it's late
날을 ,Day
자기는 ,Honey
그녀도 ,She too
있었다는 ,There was
천만에요 ,you're welcome 
조심하세요 ,be careful 
사라져 ,Disappear
케프너 ,Kepner
죽였다고 ,I killed him
아무한테도 ,To no one
레이첼 ,Rachel
막아 ,Stop it
의료 ,Medical
마시오 ,Masio
현명한 ,wise
이유야 ,That's why
내려와 ,Come down
없음 ,doesn't exist 
잊을 ,Forget
하려면 ,To do
한동안 ,For a while
닫아 ,Close
스캇 ,Scott
공식적으로 ,Officially
여기를 ,Here
걱정이 ,I'm worried
그러네 ,That's right
무고한 ,Innocent
발견 ,Discovery
할거에요 ,I will do it
노는 ,Playing
뚫고 ,Break through
빅터 ,Victor
끝내주는 ,It's awesome
나하고 ,With me
그랬던 ,That was it
봤잖아 ,You saw it
내릴 ,Get off
다물어 ,Shut up
없거든요 ,There isn't any
같지만 ,Same but
나한테서 ,From me
나가지 ,Go out
대단히 ,very 
느낌 ,Feeling
병이 ,Bottle
양반 ,nobleman
수술실로 ,To the operating room
만났을 ,I met
낯선 ,stranger
않을까요 ,Wouldn't it be
울지 ,Don't cry
싫으면 ,If you don't like it
경고 ,warning 
탐정 ,detective
사진이 ,The photo
이라는 ,called
괜찮아질 ,It'll be okay
사악한 ,evil
그야 ,Yeah
· ,·
보렴 ,Look
믿어야 ,Have to believe
애한테 ,To the child
사이의 ,Between
않거든 ,If not
기사 ,article 
병원을 ,The hospital
사소한 ,minor
마침 ,Finally
어쨋든 ,Anyway
여기도 ,Here too
안젤라 ,Angela
저녁을 ,Dinner
왼쪽으로 ,To the left
위치 ,location 
당장은 ,For now
겠어요 ,I will
노력 ,effort 
바지 ,pants 
멋지다 ,awesome 
아닙니까 ,Isn't it?
요원이 ,The agent
세계에서 ,In the world
중인 ,In the middle
다니엘 ,Daniel
보아하니 ,As you can see
계셔 ,You are here
것이지 ,That's it
하는건 ,What I'm doing is
임무는 ,The mission is
의식을 ,Consciousness
빵 ,bread 
수만 ,Tens of thousands
없어도 ,Even without it
정신과 ,Psychiatry
질문은 ,The question is
얼마든지 ,As much as you want
믿기 ,Believe
들어간 ,Entered
제말은 ,What I mean is
말일세 ,It's the end
집중해 ,Focus
파리 ,fly 
어떤가요 ,How is it?
마무리 ,finish 
놀랄 ,Surprise
보이게 ,Make it visible
방향으로 ,In the direction
경기 ,game 
예뻐 ,Pretty
특별 ,Special
뭐하러 ,What are you doing?
테고 ,Tego
도와줄게 ,I'll help you
말자 ,Let's stop
북쪽 ,North
주변 ,surroundings
메시지 ,message 
만들어서 ,Make it
좋군 ,Good
제작 ,produce 
피곤해 ,I'm tired 
말해주세요 ,Please tell me
발견했어요 ,I found it
밋첼 ,Mitchell
공을 ,The ball
쉬는 ,Resting
움직이는 ,moving
알겠니 ,Do you understand?
참을 ,Patience
간호사 ,nurse 
번 ,th 
한다고요 ,I said I would do it
구하러 ,To rescue
그리고는 ,And then
나아 ,Better
소문이 ,Rumor has it
웃고 ,Laughing
아파트 ,apartment 
헛소리 ,Nonsense
악마 ,devil 
살려줘 ,Save me
한게 ,Hange
배는 ,The ship
먹자 ,Let's eat
코드 ,Code
하지도 ,Not even
인생에 ,In life
겁을 ,Fear
분 ,minute 
물건이 ,The thing
올바른 ,Correct
불구하고 ,Despite
하신 ,Hasin
되었다 ,It became
살았어 ,I lived
돌아가면 ,When you go back
노 ,paddle 
콜 ,call 
나가고 ,Go out
산소 ,oxygen
가는거야 ,I'm going
떨어지고 ,Falling
땜에 ,Because of that
뭐래 ,what 
자유롭게 ,freely
안의 ,Inside
던져 ,Throw
만들었지 ,I made it
냄새를 ,The smell
등을 ,Back
아버지도 ,Father too
신호 ,signal
거기가 ,There
제인 ,Jane
좋겠는데 ,That would be nice
쟤는 ,He is
말아 ,Stop it
쇼를 ,The show
기회는 ,Opportunity is
할래요 ,I want to do it
켈리 ,Kelly
했었죠 ,I did
집이야 ,It's home
에이프릴 ,April
말인가요 ,Are you talking?
천만에 ,you're welcome 
한번만 ,Just once
노력하고 ,Trying hard
비켜요 ,Get out of the way
때론 ,Sometimes
가족의 ,Family's
그만하고 ,Stop it
너희들을 ,You guys
속이 ,Inside
기사를 ,The article
조금씩 ,Little by little
꿈이야 ,It's a dream
의견을 ,Opinion
안하고 ,Not doing it
그랬잖아 ,That's right
브루스 ,Bruce
무사히 ,Safely
쓸데없는 ,Useless
이해합니다 ,I understand
주위를 ,Around
해봤어 ,I tried it
잘못한 ,Wrong
부디 ,please 
로빈스 ,Robbins
해피 ,Happy
숲 ,forest
렉시 ,Lexi
잊어버려 ,Forget it
매기 ,Maggie
뭐랄까 ,What should I say?
벗고 ,Take off your clothes
그랬으면 ,If that were the case
강아지 ,puppy 
말했다 ,Said
먹어요 ,eat 
주실래요 ,Would you like to give it to me?
거군 ,Giant
빅 ,Big
약이 ,Medicine
자리가 ,The seat
흔적이 ,There is a trace
판 ,board 
싸움을 ,Fight
그럴까 ,Is that so?
해야해 ,I have to
가방을 ,The bag
우는 ,crying
빛이 ,The light
조용 ,Quiet
떠났어 ,I left
하며 ,And
머리는 ,The head
대단해 ,amazing 
울고 ,Crying
여러분은 ,You guys
죽음이 ,Death
안드레 ,Andre
있잖니 ,You know
가족들이 ,The family
충분하지 ,Not enough
어디까지 ,How far
반응이 ,The reaction
데서 ,In the place
대위 ,Captain
역사상 ,In history
시작하는 ,Starting
있다구 ,There is
테러 ,terrorism
느껴져 ,I feel it
땅 ,earth 
있지요 ,Yes
변화를 ,Change
단단히 ,Firmly
어쩌죠 ,What should I do?
그리워 ,miss 
돌아가지 ,Don't go back
콜롬비아 ,Colombia
뇌가 ,The brain
년 ,year 
캣니스 ,Katniss
거리에 ,On the street
훈련 ,training
거라도 ,Even if it is
있겠네요 ,I guess so
도와주고 ,Help me
있겠지만 ,There might be
군대가 ,The military
대통령이 ,The President
베니 ,Benny
결과는 ,The result is
제프 ,Jeff
입어 ,Put it on
되겠네 ,It will work
숨기고 ,Hide
아주머니 ,madam 
주여 ,Lord
잡지 ,magazine
클럽 ,club
순간에 ,At the moment
일해 ,Work
직업을 ,Occupation
스타일즈 ,Styles
맛 ,taste 
끊어 ,Cut off
아니고요 ,No
사용할 ,To use
분 ,minute 
니네 ,You guys
되었어 ,It's done
사업 ,business 
깊게 ,Deeply
신고 ,Report
굉장한 ,Awesome
내에 ,Within
자신에게 ,To yourself
우리끼리 ,Among us
피할 ,Avoid
믿음을 ,Faith
멋져요 ,It's cool
뜻이에요 ,It means
하나로 ,One by one
어떠니 ,How is it?
거리 ,distance 
아버님 ,Father
찾았습니다 ,I found it
있음 ,There is
지켜보고 ,Watching
사과 ,apologize 
남았어요 ,There's some left
싫어해 ,I hate it
함부로 ,Carelessly
걸을 ,Walk
거길 ,There
문은 ,The door is
말하는데 ,Speaking
시작합니다 ,Let's start
듯이 ,As if
않겠어요 ,I won't
만났어요 ,I met you
저희를 ,Us
주시겠어요 ,Could you please give me some?
재능이 ,Talent
이후에 ,Afterwards
끝나지 ,Never ending
그러자 ,Then
나갔어 ,I went out
버린 ,Abandoned
일어나요 ,Wake up
회사에 ,At the company
열이 ,fever
죄다 ,All of them
이들이 ,These are
결혼식에 ,At the wedding
비행 ,flight
정도의 ,degree
설명해 ,Explain
사람이죠 ,It's a person
잡았어요 ,I caught it
나치 ,Nazi
말하게 ,Speak
변호사가 ,The lawyer
필요하다 ,need 
게만 ,Geman
팀은 ,The team
모르잖아요 ,You don't know
포함해서 ,Including
사무실 ,office 
유감이야 ,It's a pity
맡은 ,In charge
환자에게 ,To the patient
죽음 ,death
들어가요 ,Come in
재미있는 ,Fun
걱정하는 ,Worried
프랭키 ,Frankie
살기 ,Living
경험이 ,Experience
어딘가 ,Somewhere
자살 ,suicide
잘하는 ,Good at
저들을 ,them
라이온 ,Lion
리무 ,Limu
아시다시피 ,As you know
이식 ,transplant
그런데도 ,And yet
카드를 ,card
란 ,Ran
설명 ,explanation 
평생을 ,All my life
알렌 ,Allen
여자들 ,women
힘내 ,cheer up 
순간이 ,The moment
가운데 ,middle
거랑 ,Georang
없겠죠 ,"No, of course not"
부인을 ,My wife
사이먼 ,Simon
옛날에 ,In the old days
꺼야 ,Turn it off
조사 ,inspection 
유감이에요 ,I'm sorry
죽여야 ,Kill me
손은 ,The hand
정지 ,stop 
장군 ,General
키가 ,Height
하늘을 ,The sky
봐야지 ,I have to see it
안좋은 ,bad
부모가 ,Parents
있는거죠 ,It exists
겁에 ,In fear
물어봐도 ,Even if I ask
가지마 ,don't go 
그들도 ,They too
밑으로 ,Down
스타 ,star 
오렴 ,Come on
달에 ,On the moon
거리가 ,The distance
아름다워 ,beautiful 
살해 ,murder
싫다 ,I don't like it
잡으러 ,To catch
몰랐네 ,I didn't know
사무실로 ,To the office
얼레 ,Earl
수잔 ,Susan
마법의 ,Magical
화나게 ,Angry
보셨어요 ,Have you seen it?
메세지를 ,message
가끔씩 ,Sometimes
지금의 ,Now
증명할 ,To prove
주의를 ,Pay attention
구하려고 ,To save
누구의 ,Whose
인터넷 ,Internet
이래요 ,It's like this
죽음에 ,To death
때려 ,Hit
놈아 ,You bastard
루이 ,Louis
영혼이 ,The soul
필요한데 ,I need it
개는 ,The dog
이러한 ,These
의미 ,meaning 
피트 ,Pete
받았습니다 ,I received it
자네한테 ,To you
들어보세요 ,Listen up
울 ,wool 
인형 ,doll 
리차드 ,Richard
전에요 ,Before
좋을거야 ,It'll be good
장기 ,long-term
모르겠군 ,I don't know
인간을 ,Humans
맞서 ,Confront
다행이네요 ,thank god 
살아서 ,Alive
궁금한 ,I'm curious
기회야 ,It's a chance
감당할 ,Can handle
해결 ,solve 
얘기한 ,I talked about
버틸 ,Hold on
지나면 ,After passing
버렸어 ,I threw it away
방해해서 ,Because I disturbed you
마시는 ,Drinking
착하지 ,Not good
장소 ,location 
원한 ,grudge
뉴욕에 ,In New York
지옥에 ,In hell
걔네 ,They
다를 ,Different
저지른 ,committed
나지 ,Naji
시작하지 ,Don't start
도착할 ,Arrive
하이 ,high 
책이 ,The book
같던데 ,It was the same
카레프 ,Karev
저쪽에 ,Over there
가방에 ,In the bag
불법 ,illegal
그런가요 ,Is that so?
에드 ,Ed
캐롤 ,Carol
싶어하는 ,Want to
비행기가 ,The plane
위험이 ,The risk is
학교를 ,School
바라 ,look 
가능해 ,It's possible
지금이야 ,It's now
어디죠 ,Where is it?
올라가서 ,Go up
자식을 ,children
실험 ,Experiment
실험을 ,Experiment
추적 ,Tracking
유전자 ,genes
치는 ,Hitting
기억나요 ,Do you remember?
호텔에 ,At the hotel
부른 ,Called
그러지마 ,Don't do that
예쁘다 ,pretty 
미안하구나 ,I'm sorry
서로에게 ,To each other
없었을 ,There wouldn't have been
떠나면 ,If you leave
기다리세요 ,Please wait
무조건 ,Unconditionally
왕을 ,The king
찬 ,cold 
할지도 ,Maybe
자길 ,Honey
전원 ,everyone 
안고 ,Hug
전화할게 ,I'll call you
이런거 ,Something like this
일이나 ,Work or
죽어요 ,I'm dying
않는데 ,But not
언제까지 ,until when 
퀸 ,Queen
흔적을 ,traces
따위 ,That kind of thing
막고 ,Block it
어둠 ,darkness
바빠 ,Busy
싸우지 ,Don't fight
않았던 ,Didn't
분을 ,Minutes
가지는 ,Eggplant
애들도 ,Kids too
말씀해 ,Tell me
저쪽으로 ,Over there
파일을 ,file
가자구 ,Let's go
옷이 ,The clothes
아빠의 ,Dad's
리코야 ,Ricoya
이래서 ,That's why
알면서 ,Knowingly
멋진데 ,It's cool
저희도 ,Us too
빼 ,Take it out
몰랐는데 ,I didn't know
역 ,station 
제군들 ,Gentlemen
뉴스 ,news 
정말로요 ,Really
사격 ,shooting
하는데요 ,I'm doing it
고기 ,meat 
떠 ,float 
틀린 ,Wrong
말하는거야 ,I'm talking
밴드 ,band
먹을래 ,Want to eat?
바라지 ,I hope so
이안 ,Ian
귀 ,ear 
들어본 ,I've heard of
인터뷰 ,Interview
잡은 ,Caught
있기를 ,I wish
들었습니다 ,I heard
갔었어 ,I went
기분을 ,Feeling
남아서 ,Stay
커 ,big 
사고로 ,By accident
도시의 ,of the city
달고 ,Sweet
짓이 ,What a mess
해주면 ,If you do it
누구인지 ,Who is it?
괜찮다면 ,If it's okay
의한 ,By
씨의 ,Seed's
생각하는지 ,Do you think
비밀이 ,The secret
반지 ,ring 
휴대폰 ,cell phone 
당신들의 ,Yours
선수 ,Player
하겠다고 ,I will do it
사람처럼 ,Like a person
멍청이 ,idiot 
않다는 ,No
때때로 ,sometimes 
당신은요 ,how about you 
살아야 ,Must live
아니겠죠 ,"No, right?"
트럭을 ,truck
물러나 ,Step back
그분이 ,He
가스 ,gas 
가져온 ,brought
쪽은 ,The side
구하는 ,Seeking
생각만 ,Just thinking about it
말예요 ,I mean
이따가 ,later 
모양이야 ,It's a shape
반가웠어요 ,It was nice to meet you
큰일 ,Big trouble
지가 ,he 
하는거지 ,I'm doing it
떠났어요 ,I left
도망가 ,Run away
피자 ,pizza 
싶었는데 ,I wanted to
여자도 ,Women too
걔한테 ,To him
번호를 ,Number
모르겠군요 ,I don't know
이상해요 ,It's weird
휴가 ,vacation 
미셸 ,Michelle
올라 ,Up
행동 ,action 
여자한테 ,To a woman
두번 ,twice
되 ,become 
일입니다 ,It's work
있길 ,I hope so
의원님 ,Congressman
끝내 ,Finally
낸시 ,Nancy
무어 ,moore 
이메일 ,email 
그러게요 ,"Yes, that's right"
키스를 ,Kiss
있을겁니다 ,There will be
무엇이든 ,Anything
사적인 ,private
겪고 ,Going through
책은 ,The book
사이에서 ,In between
주신 ,Thank you
전쟁에서 ,In the war
점 ,dot 
그것들을 ,Those
마약을 ,Drugs
통신 ,communication 
무엇입니까 ,What is it
문제도 ,Problem too
잊어 ,Forget it
급한 ,Urgent
말라 ,Dry
셔츠 ,shirt 
넘는 ,Over
풀 ,grass 
진짜요 ,Really
인사 ,greeting 
라디오 ,radio 
사촌 ,cousin 
멕시코 ,Mexico
모건 ,Morgan
괜찮네 ,It's okay
이쪽이야 ,This way
여태 ,So far
미국에 ,In the United States
놀라게 ,Surprise
죽이면 ,If you kill
없던 ,There was none
거겠죠 ,I guess so
남자들이 ,Men
규칙 ,Rules
형사 ,detective 
펄스 ,Pulse
다요 ,That's it
워싱턴 ,Washington
주변을 ,Around
근무 ,Work
주실 ,Give
상을 ,Award
자네들 ,You guys
잘했다 ,Well done
아유 ,Oh my
가야겠다 ,I have to go
않으니까 ,Because I don't
미사일 ,missile
년이 ,Year
영상 ,video 
현실을 ,Reality
빨리요 ,Hurry up
포기 ,give up 
중인데 ,I'm in the middle of it
담당 ,in charge 
이는 ,This is
트럭에 ,On the truck
원하는지 ,Do you want it?
이전 ,before 
방송 ,Broadcast
화장실에 ,In the bathroom
저쪽 ,Over there
내버려둬 ,Leave me alone
사라졌어요 ,It's gone
곳이죠 ,It's a place
뇌를 ,The brain
어리석은 ,foolish
없인 ,Without
부르고 ,Call
무기가 ,The weapon
온통 ,All over
표정 ,expression 
보여줄게 ,I'll show you
포드 ,Ford
조금은 ,A little bit
술에 ,In alcohol
보이죠 ,You can see it
고맙구나 ,Thank you
없구나 ,There isn't any
명령 ,command
이겼어 ,I won
전혀요 ,Not at all
다친 ,injured
두는 ,Put
겪은 ,Experienced
말하려고 ,I was going to say
다예요 ,That's all
재밌어 ,It's fun
웃는 ,smiling
한마디 ,One word
작고 ,small
옷은 ,The clothes
못합니다 ,I can't
불렀어 ,I called
해보고 ,Try it
확인할 ,To check
유령 ,ghost
발로 ,With your feet
싶어서요 ,Because I want to
누구보다 ,More than anyone else
그렇진 ,Not really
구하기 ,Save
결정할 ,Decide
날에 ,On the day
때면 ,When
늦었어요 ,I'm late
끝나는 ,Ending
누구냐 ,Who are you?
싸워 ,Fight
지금껏 ,Until now
변하지 ,Change
예요 ,Yes
거리에서 ,On the street
모르는데 ,I don't know
맡고 ,Take charge
이혼 ,divorce 
내보내 ,Send it out
자세한 ,Detailed
유리 ,glass 
손대지 ,Hands off
싫은 ,I don't like it
덤벼 ,Pounce
악마의 ,The devil's
분위기 ,atmosphere 
꼴 ,Look
전부야 ,That's all
조그만 ,small
실례 ,Excuse me
답이 ,The answer is
끝내고 ,Finished
생활을 ,Life
하늘에 ,In the sky
기억하고 ,Remember
선택할 ,Choose
얼음 ,ice
눈치 ,sense 
싶네 ,I want to
이상하지 ,It's weird
이런걸 ,Something like this
나나 ,Nana
메러디스가 ,Meredith
화난 ,angry
도착하면 ,When you arrive
싫지만 ,"I don't like it, but"
발이 ,Feet
해주는 ,Doing it
고대 ,ancient times
클레어가 ,Claire
배우고 ,Learn and
누구예요 ,Who are you?
있어야지 ,It has to be there
구했어 ,I saved it
부동산 ,real estate 
오른쪽으로 ,To the right
블루 ,Blue
돌아가신 ,deceased
못해서 ,Because I can't
고양이가 ,The cat
멋지네 ,That's cool
됐을 ,It would have been okay
적의 ,enemy
멋지게 ,Nicely
첫째 ,first 
신경도 ,nerves
죽었고 ,died
그만큼 ,That much
군요 ,Military
꿈은 ,The dream
기억해요 ,I remember
말입니까 ,Are you talking?
무릎을 ,knees
올해 ,this year 
사람입니다 ,It's a person
고든 ,Gordon
희망이 ,Hope
관해서 ,About
오빠는 ,My brother
요즘은 ,These days
말았어야 ,Should have stopped
때나 ,Sometimes
남지 ,Namji
한시간 ,one hour
일이라고 ,It's work
했었어요 ,I did it
캠프 ,camp
거고요 ,That's right
죽여라 ,Kill me
이번이 ,This time
오늘밤에 ,Tonight
영웅 ,hero
세계의 ,of the world
주제에 ,On the topic
있는지도 ,Is there a map?
연기 ,performance 
병을 ,Bottle
있었소 ,There was
번은 ,Burn
타요 ,Tayo
비행기에 ,On the plane
뭘로 ,With what
노래가 ,The song
살라고 ,Live
보트 ,boat
용기를 ,Courage
나갔어요 ,I went out
프란시스 ,Francis
최선의 ,The best
날은 ,The day is
때로는 ,Sometimes
보통은 ,Usually
트래비스 ,Travis
일해요 ,I'm working
맡을 ,Take charge
어울리는 ,Matching
멋지지 ,Cool
못한다면 ,If you can't
데려온 ,brought
확신이 ,I am confident
아니거든요 ,"No, that's not true"
살아있어 ,I'm alive
되었어요 ,It's done
애도 ,Condolences
잘한다 ,Good job
죽어도 ,Even if I die
최소 ,Minimum
보내줘 ,Send it to me
그딴 ,That kind of thing
이라 ,Ira
시계 ,clock 
같죠 ,Same.
웃음 ,Laughter
수를 ,Number
않을겁니다 ,I won't
꼴이 ,It looks like
댄스 ,dance
실수 ,mistake 
위성 ,satellite
이들을 ,These
회사에서 ,At the company
남았습니다 ,There is left
내려가 ,Go down
소녀 ,girl 
다행이네 ,That's fortunate
방은 ,The room
대해서도 ,Also about
같소 ,Same
종양을 ,The tumor
더요 ,More
댄 ,Dan
아셨죠 ,You knew
가야겠어요 ,I have to go
그놈들이 ,Those guys
미쳤다고 ,I'm crazy
남자친구가 ,My boyfriend
일반적인 ,General
준다고 ,I'll give it to you
짓도 ,Do it too
확률이 ,The probability is
목숨이 ,Life
겁이 ,I'm scared
들어왔어 ,I came in
문제지 ,Problem sheet
아마도요 ,Maybe
남는 ,Remaining
반복한다 ,Repeat
물론입니다 ,Of course
중이다 ,I'm in the middle of it
다양한 ,various 
불리는 ,called
찾아요 ,I'm looking for it
많은데 ,There are many
왕은 ,The king
사람이지 ,It's a person
죽음은 ,Death is
방향 ,direction 
내부 ,interior 
진실은 ,The truth is
나한테는 ,For me
싶었던 ,I wanted to
인마 ,Inma
으로 ,by 
약물 ,drugs
누구에게 ,To whom
얼굴은 ,The face is
곳이지 ,It's a place
통화 ,call 
살려 ,Save me
낸 ,paid 
로라 ,Laura
알았는데요 ,I knew it
자비를 ,Mercy
생각하는데 ,I think
아니라구요 ,"No, I don't"
알아봐 ,Find out
데로 ,Dero
직업이 ,Occupation
멜 ,Mel
에밀리 ,Emily
맞네 ,That's right
농담이야 ,I'm kidding 
이유도 ,Reason too
써야 ,I have to write
수천 ,thousands
그곳에서 ,There
호 ,like 
동생은 ,My younger brother
증거 ,evidence 
그렇긴 ,That's true
여기다 ,Here
지내는 ,Staying
갇혀 ,Trapped
집안 ,House
요리 ,cooking 
있을게요 ,I'll be there
손가락을 ,Finger
다리에 ,On the bridge
이전에 ,Previously
남자야 ,Hey man
신성한 ,sacred
있었거든요 ,It was there
죽일거야 ,I'm going to kill you
상태는 ,The status is
들리나 ,Can you hear me?
총알 ,bullet
벌어진 ,It happened
아니네요 ,No
선생님의 ,Teacher's
있었거든 ,It was there
고통이 ,The pain
똑똑하고 ,Smart and
들었죠 ,I heard
동료 ,colleague 
반은 ,Half
너보다 ,Than you
싶군요 ,I want to
마셔요 ,Drink it
뭘까 ,What is it?
공원 ,park 
교회 ,church 
감사 ,thanks 
로비 ,lobby
적당한 ,Moderate
거네요 ,That's right
보네요 ,I see
모른다는 ,I don't know
사고를 ,Accident
인 ,person 
슈퍼걸 ,Supergirl
밀어 ,Push
국가 ,nation 
신부 ,bride
희생자의 ,The victim's
늑대 ,wolf
둔 ,dull
모자를 ,A hat
대학에 ,At university
사탕 ,candy
위치로 ,By location
하워드 ,Howard
구멍이 ,The hole
바꾸고 ,Change
슬슬 ,Slowly
조차 ,even 
갈래요 ,I want to go
전해줘 ,Tell me
좋겠군 ,That would be nice
아닌지 ,Or not
만나지 ,Don't meet
하루를 ,One day
들어오면 ,When you come in
가족에게 ,To my family
기억할 ,remember
목적이 ,The purpose is
죽겠어 ,I'm dying
신선한 ,Fresh
써서 ,Write
했니 ,Did you do it?
기뻐요 ,I'm glad
리즈 ,Leeds
부탁합니다 ,Please
들었다 ,I heard
진작 ,Long time ago
망쳤어 ,I messed up
왔군 ,You're here
드리겠습니다 ,I will give it to you
인도 ,India
매니가 ,Manny
라이언 ,Ryan
듣게 ,Listen
기록이 ,The record
영어 ,english 
걷고 ,Walking
주님 ,Lord
자전거 ,bicycle 
패트릭 ,Patrick
뱀이 ,The snake
보내지 ,Don't send
기도를 ,Prayer
종이 ,paper 
카메라를 ,Camera
관계 ,relationship 
잃었어요 ,I lost it
목숨 ,life
하셨잖아요 ,You did it
잘할 ,Good job
지나 ,pass 
않다면 ,If not
마실래 ,Want to drink?
킴 ,Kim
없었다고 ,There wasn't any
친 ,friend 
않겠지만 ,I won't do it though
안전할 ,Be safe
당신처럼 ,Like you
비상 ,Emergency
않겠다고 ,I said I wouldn't do it
가문의 ,Family's
일과 ,Work
돌아오는 ,Returning
말이요 ,I mean
알았으면 ,If I knew
조용한 ,quiet
한글자막 ,Korean subtitles
과거에 ,In the past
전화로 ,By phone
당연한 ,Of course
미안하다고 ,I'm sorry
리무야 ,Limuya
나고 ,Nago
과학 ,science 
보이나 ,Can you see it?
데도 ,Where
바짝 ,Closely
한단다 ,Handanda
양쪽 ,Both sides
있다는걸 ,That it exists
미래에 ,In the future
넘겨 ,Hand over
감사드립니다 ,Thank you
양은 ,Sheep
바꾸는 ,Changing
식사를 ,Have a meal
점을 ,Point
봤나 ,Have you seen it?
있을거라 ,There will be
아빠야 ,Dad
때에 ,Sometimes
총알을 ,Bullet
주무세요 ,Good night
말하지만 ,I'm telling you though
차이가 ,The difference
치료할 ,To treat
없다구요 ,There isn't any
건강한 ,healthy
사람에 ,To people
거울 ,mirror 
걸리지 ,Don't get caught
왔네요 ,You're here
결정 ,decision 
조언을 ,Advice
의미를 ,Meaning
나왔습니다 ,It came out
루크가 ,Luke
떨어졌어 ,I fell
안해도 ,Even if you don't do it
받아들일 ,Accept
아니니 ,No
눌러 ,Press
여왕 ,Queen
틀림없어 ,No doubt
않았잖아 ,I didn't do it
회의 ,meeting 
올림픽 ,Olympics
뭐라구 ,What did you say?
잃지 ,Don't lose
있으라고 ,Stay
여러분을 ,You all
내린 ,It came down
알았네 ,Okay
그때는 ,At that time
되겠네요 ,That'll work
웃어 ,Smile
않았다는 ,Didn't do it
캠이 ,Cam
대령 ,Colonel
거는 ,Hanging
옆으로 ,Sideways
걱정마세요 ,Don't worry
마음의 ,of the heart
태워 ,Burn
하는거죠 ,I'm doing it
회사가 ,The company
영 ,zero 
외계인 ,alien 
보군 ,See you later
미래의 ,future
옮겨 ,Move
소설 ,novel
나더러 ,Tell me